,grid_id,grid_size,complexity,instance_id,total_cells,errors,error_rate,multi_optimal_cells,transform_type
0,grid_size11_complexity0.00_0000_StartGoalSwap,11,0.0,0,80,0,0.0,64,StartGoalSwap
1,grid_size11_complexity0.00_0001_RotateEnv,11,0.0,1,80,1,0.0125,64,RotateEnv
2,grid_size11_complexity0.00_0001_StartGoalSwap,11,0.0,1,80,0,0.0,64,StartGoalSwap
3,grid_size11_complexity0.00_0001_TransposeEnv,11,0.0,1,80,1,0.0125,64,TransposeEnv
4,grid_size11_complexity0.00_0002_ReflectEnv,11,0.0,2,80,1,0.0125,64,ReflectEnv
5,grid_size11_complexity0.00_0002_RotateEnv,11,0.0,2,80,0,0.0,64,RotateEnv
6,grid_size11_complexity0.00_0002_TransposeEnv,11,0.0,2,80,0,0.0,64,TransposeEnv
7,grid_size11_complexity0.00_0003_ReflectEnv,11,0.0,3,80,0,0.0,64,ReflectEnv
8,grid_size11_complexity0.00_0003_RotateEnv,11,0.0,3,80,0,0.0,64,RotateEnv
9,grid_size11_complexity0.00_0003_StartGoalSwap,11,0.0,3,80,0,0.0,64,StartGoalSwap
10,grid_size11_complexity0.00_0003_TransposeEnv,11,0.0,3,80,0,0.0,64,TransposeEnv
11,grid_size11_complexity0.00_0004_StartGoalSwap,11,0.0,4,80,0,0.0,64,StartGoalSwap
12,grid_size11_complexity0.00_0004_TransposeEnv,11,0.0,4,80,0,0.0,64,TransposeEnv
13,grid_size11_complexity0.00_0005_RotateEnv,11,0.0,5,80,0,0.0,64,RotateEnv
14,grid_size11_complexity0.00_0005_StartGoalSwap,11,0.0,5,80,0,0.0,64,StartGoalSwap
15,grid_size11_complexity0.00_0005_TransposeEnv,11,0.0,5,80,0,0.0,64,TransposeEnv
16,grid_size11_complexity0.00_0006_ReflectEnv,11,0.0,6,80,0,0.0,64,ReflectEnv
17,grid_size11_complexity0.00_0006_RotateEnv,11,0.0,6,80,1,0.0125,64,RotateEnv
18,grid_size11_complexity0.00_0006_TransposeEnv,11,0.0,6,80,0,0.0,64,TransposeEnv
19,grid_size11_complexity0.00_0007_ReflectEnv,11,0.0,7,80,0,0.0,64,ReflectEnv
20,grid_size11_complexity0.00_0007_RotateEnv,11,0.0,7,80,1,0.0125,64,RotateEnv
21,grid_size11_complexity0.00_0008_RotateEnv,11,0.0,8,80,0,0.0,64,RotateEnv
22,grid_size11_complexity0.00_0008_TransposeEnv,11,0.0,8,80,0,0.0,64,TransposeEnv
23,grid_size11_complexity0.00_0009_ReflectEnv,11,0.0,9,80,0,0.0,64,ReflectEnv
24,grid_size11_complexity0.00_0009_RotateEnv,11,0.0,9,80,2,0.025,64,RotateEnv
25,grid_size11_complexity0.00_0009_StartGoalSwap,11,0.0,9,80,0,0.0,64,StartGoalSwap
26,grid_size11_complexity0.00_0009_TransposeEnv,11,0.0,9,80,0,0.0,64,TransposeEnv
27,grid_size11_complexity0.20_0000_ReflectEnv,11,0.2,0,73,7,0.0958904109589041,41,ReflectEnv
28,grid_size11_complexity0.20_0000_RotateEnv,11,0.2,0,73,3,0.0410958904109589,41,RotateEnv
29,grid_size11_complexity0.20_0000_StartGoalSwap,11,0.2,0,73,2,0.0273972602739726,45,StartGoalSwap
30,grid_size11_complexity0.20_0000_TransposeEnv,11,0.2,0,73,16,0.2191780821917808,41,TransposeEnv
31,grid_size11_complexity0.20_0001_ReflectEnv,11,0.2,1,73,6,0.0821917808219178,45,ReflectEnv
32,grid_size11_complexity0.20_0001_StartGoalSwap,11,0.2,1,73,6,0.0821917808219178,43,StartGoalSwap
33,grid_size11_complexity0.20_0001_TransposeEnv,11,0.2,1,73,1,0.0136986301369863,45,TransposeEnv
34,grid_size11_complexity0.20_0002_ReflectEnv,11,0.2,2,73,7,0.0958904109589041,41,ReflectEnv
35,grid_size11_complexity0.20_0002_RotateEnv,11,0.2,2,73,9,0.1232876712328767,41,RotateEnv
36,grid_size11_complexity0.20_0003_RotateEnv,11,0.2,3,73,5,0.0684931506849315,42,RotateEnv
37,grid_size11_complexity0.20_0003_StartGoalSwap,11,0.2,3,73,6,0.0821917808219178,44,StartGoalSwap
38,grid_size11_complexity0.20_0004_ReflectEnv,11,0.2,4,73,6,0.0821917808219178,44,ReflectEnv
39,grid_size11_complexity0.20_0004_RotateEnv,11,0.2,4,73,7,0.0958904109589041,44,RotateEnv
40,grid_size11_complexity0.20_0004_StartGoalSwap,11,0.2,4,73,4,0.0547945205479452,44,StartGoalSwap
41,grid_size11_complexity0.20_0004_TransposeEnv,11,0.2,4,73,5,0.0684931506849315,44,TransposeEnv
42,grid_size11_complexity0.20_0005_ReflectEnv,11,0.2,5,73,4,0.0547945205479452,46,ReflectEnv
43,grid_size11_complexity0.20_0005_StartGoalSwap,11,0.2,5,73,0,0.0,46,StartGoalSwap
44,grid_size11_complexity0.20_0006_ReflectEnv,11,0.2,6,73,5,0.0684931506849315,45,ReflectEnv
45,grid_size11_complexity0.20_0006_RotateEnv,11,0.2,6,73,3,0.0410958904109589,45,RotateEnv
46,grid_size11_complexity0.20_0006_StartGoalSwap,11,0.2,6,73,3,0.0410958904109589,43,StartGoalSwap
47,grid_size11_complexity0.20_0006_TransposeEnv,11,0.2,6,73,4,0.0547945205479452,45,TransposeEnv
48,grid_size11_complexity0.20_0007_RotateEnv,11,0.2,7,73,18,0.2465753424657534,42,RotateEnv
49,grid_size11_complexity0.20_0007_TransposeEnv,11,0.2,7,73,8,0.1095890410958904,42,TransposeEnv
50,grid_size15_complexity0.60_0009_TransposeEnv,15,0.6,9,124,39,0.314516129032258,37,TransposeEnv
51,grid_size15_complexity0.80_0000_ReflectEnv,15,0.8,0,110,47,0.4272727272727272,15,ReflectEnv
52,grid_size15_complexity0.80_0000_RotateEnv,15,0.8,0,110,33,0.3,15,RotateEnv
53,grid_size15_complexity0.80_0000_TransposeEnv,15,0.8,0,110,44,0.4,15,TransposeEnv
54,grid_size15_complexity0.80_0001_StartGoalSwap,15,0.8,1,110,32,0.2909090909090909,16,StartGoalSwap
55,grid_size15_complexity0.80_0001_TransposeEnv,15,0.8,1,110,34,0.3090909090909091,16,TransposeEnv
56,grid_size15_complexity0.80_0002_ReflectEnv,15,0.8,2,110,43,0.3909090909090909,16,ReflectEnv
57,grid_size15_complexity0.80_0002_RotateEnv,15,0.8,2,110,30,0.2727272727272727,16,RotateEnv
58,grid_size15_complexity0.80_0002_StartGoalSwap,15,0.8,2,110,51,0.4636363636363636,17,StartGoalSwap
59,grid_size15_complexity0.80_0003_ReflectEnv,15,0.8,3,110,36,0.3272727272727272,22,ReflectEnv
60,grid_size15_complexity0.80_0003_RotateEnv,15,0.8,3,110,53,0.4818181818181818,22,RotateEnv
61,grid_size15_complexity0.80_0003_StartGoalSwap,15,0.8,3,110,32,0.2909090909090909,22,StartGoalSwap
62,grid_size15_complexity0.80_0003_TransposeEnv,15,0.8,3,110,32,0.2909090909090909,22,TransposeEnv
63,grid_size15_complexity0.80_0004_ReflectEnv,15,0.8,4,110,52,0.4727272727272727,15,ReflectEnv
64,grid_size15_complexity0.80_0004_RotateEnv,15,0.8,4,110,42,0.3818181818181818,15,RotateEnv
65,grid_size15_complexity0.80_0004_StartGoalSwap,15,0.8,4,110,35,0.3181818181818182,15,StartGoalSwap
66,grid_size15_complexity0.80_0004_TransposeEnv,15,0.8,4,110,52,0.4727272727272727,15,TransposeEnv
67,grid_size15_complexity0.80_0006_ReflectEnv,15,0.8,6,110,44,0.4,19,ReflectEnv
68,grid_size15_complexity0.80_0006_RotateEnv,15,0.8,6,110,56,0.509090909090909,19,RotateEnv
69,grid_size15_complexity0.80_0006_StartGoalSwap,15,0.8,6,110,34,0.3090909090909091,18,StartGoalSwap
70,grid_size15_complexity0.80_0006_TransposeEnv,15,0.8,6,110,49,0.4454545454545454,19,TransposeEnv
71,grid_size15_complexity0.80_0007_ReflectEnv,15,0.8,7,110,38,0.3454545454545454,14,ReflectEnv
72,grid_size15_complexity0.80_0007_RotateEnv,15,0.8,7,110,31,0.2818181818181818,14,RotateEnv
73,grid_size15_complexity0.80_0007_StartGoalSwap,15,0.8,7,110,36,0.3272727272727272,16,StartGoalSwap
74,grid_size15_complexity0.80_0007_TransposeEnv,15,0.8,7,110,44,0.4,14,TransposeEnv
75,grid_size15_complexity0.80_0008_ReflectEnv,15,0.8,8,110,43,0.3909090909090909,19,ReflectEnv
76,grid_size15_complexity0.80_0008_RotateEnv,15,0.8,8,110,46,0.4181818181818181,19,RotateEnv
77,grid_size15_complexity0.80_0008_StartGoalSwap,15,0.8,8,110,43,0.3909090909090909,20,StartGoalSwap
78,grid_size15_complexity0.80_0008_TransposeEnv,15,0.8,8,110,42,0.3818181818181818,19,TransposeEnv
79,grid_size15_complexity0.80_0009_RotateEnv,15,0.8,9,110,22,0.2,15,RotateEnv
80,grid_size15_complexity0.80_0009_StartGoalSwap,15,0.8,9,110,40,0.3636363636363636,16,StartGoalSwap
81,grid_size15_complexity1.00_0000_ReflectEnv,15,1.0,0,96,50,0.5208333333333334,0,ReflectEnv
82,grid_size15_complexity1.00_0000_RotateEnv,15,1.0,0,96,36,0.375,0,RotateEnv
83,grid_size15_complexity1.00_0000_TransposeEnv,15,1.0,0,96,38,0.3958333333333333,0,TransposeEnv
84,grid_size15_complexity1.00_0001_RotateEnv,15,1.0,1,96,33,0.34375,0,RotateEnv
85,grid_size15_complexity1.00_0001_StartGoalSwap,15,1.0,1,96,42,0.4375,0,StartGoalSwap
86,grid_size15_complexity1.00_0001_TransposeEnv,15,1.0,1,96,37,0.3854166666666667,0,TransposeEnv
87,grid_size15_complexity1.00_0002_ReflectEnv,15,1.0,2,96,44,0.4583333333333333,0,ReflectEnv
88,grid_size15_complexity1.00_0002_RotateEnv,15,1.0,2,96,46,0.4791666666666667,0,RotateEnv
89,grid_size15_complexity1.00_0002_StartGoalSwap,15,1.0,2,96,42,0.4375,0,StartGoalSwap
90,grid_size15_complexity1.00_0002_TransposeEnv,15,1.0,2,96,47,0.4895833333333333,0,TransposeEnv
91,grid_size15_complexity1.00_0003_ReflectEnv,15,1.0,3,96,46,0.4791666666666667,0,ReflectEnv
92,grid_size15_complexity1.00_0003_StartGoalSwap,15,1.0,3,96,46,0.4791666666666667,0,StartGoalSwap
93,grid_size15_complexity1.00_0004_ReflectEnv,15,1.0,4,96,32,0.3333333333333333,0,ReflectEnv
94,grid_size15_complexity1.00_0004_RotateEnv,15,1.0,4,96,52,0.5416666666666666,0,RotateEnv
95,grid_size15_complexity1.00_0004_StartGoalSwap,15,1.0,4,96,37,0.3854166666666667,0,StartGoalSwap
96,grid_size15_complexity1.00_0005_RotateEnv,15,1.0,5,96,47,0.4895833333333333,0,RotateEnv
97,grid_size15_complexity1.00_0006_ReflectEnv,15,1.0,6,96,34,0.3541666666666667,0,ReflectEnv
98,grid_size15_complexity1.00_0006_RotateEnv,15,1.0,6,96,37,0.3854166666666667,0,RotateEnv
99,grid_size15_complexity1.00_0006_StartGoalSwap,15,1.0,6,96,39,0.40625,0,StartGoalSwap
100,grid_size15_complexity1.00_0006_TransposeEnv,15,1.0,6,96,43,0.4479166666666667,0,TransposeEnv
101,grid_size15_complexity1.00_0007_ReflectEnv,15,1.0,7,96,45,0.46875,0,ReflectEnv
102,grid_size15_complexity1.00_0007_StartGoalSwap,15,1.0,7,96,31,0.3229166666666667,0,StartGoalSwap
103,grid_size15_complexity1.00_0007_TransposeEnv,15,1.0,7,96,45,0.46875,0,TransposeEnv
104,grid_size15_complexity1.00_0008_ReflectEnv,15,1.0,8,96,39,0.40625,0,ReflectEnv
105,grid_size15_complexity1.00_0008_StartGoalSwap,15,1.0,8,96,44,0.4583333333333333,0,StartGoalSwap
106,grid_size15_complexity1.00_0009_RotateEnv,15,1.0,9,96,42,0.4375,0,RotateEnv
107,grid_size15_complexity1.00_0009_StartGoalSwap,15,1.0,9,96,40,0.4166666666666667,0,StartGoalSwap
108,grid_size7_complexity0.00_0000_ReflectEnv,7,0.0,0,24,0,0.0,16,ReflectEnv
109,grid_size7_complexity0.00_0000_RotateEnv,7,0.0,0,24,0,0.0,16,RotateEnv
110,grid_size7_complexity0.00_0000_TransposeEnv,7,0.0,0,24,0,0.0,16,TransposeEnv
111,grid_size7_complexity0.00_0001_ReflectEnv,7,0.0,1,24,0,0.0,16,ReflectEnv
112,grid_size7_complexity0.00_0001_StartGoalSwap,7,0.0,1,24,0,0.0,16,StartGoalSwap
113,grid_size7_complexity0.00_0001_TransposeEnv,7,0.0,1,24,0,0.0,16,TransposeEnv
114,grid_size7_complexity0.00_0002_ReflectEnv,7,0.0,2,24,0,0.0,16,ReflectEnv
115,grid_size7_complexity0.00_0002_StartGoalSwap,7,0.0,2,24,0,0.0,16,StartGoalSwap
116,grid_size7_complexity0.00_0002_TransposeEnv,7,0.0,2,24,0,0.0,16,TransposeEnv
117,grid_size7_complexity0.00_0003_RotateEnv,7,0.0,3,24,0,0.0,16,RotateEnv
118,grid_size7_complexity0.00_0003_StartGoalSwap,7,0.0,3,24,0,0.0,16,StartGoalSwap
119,grid_size7_complexity0.00_0004_ReflectEnv,7,0.0,4,24,0,0.0,16,ReflectEnv
120,grid_size7_complexity0.00_0004_RotateEnv,7,0.0,4,24,0,0.0,16,RotateEnv
121,grid_size7_complexity0.00_0005_ReflectEnv,7,0.0,5,24,0,0.0,16,ReflectEnv
122,grid_size7_complexity0.00_0005_TransposeEnv,7,0.0,5,24,0,0.0,16,TransposeEnv
123,grid_size7_complexity0.00_0006_ReflectEnv,7,0.0,6,24,0,0.0,16,ReflectEnv
124,grid_size7_complexity0.00_0006_RotateEnv,7,0.0,6,24,0,0.0,16,RotateEnv
125,grid_size7_complexity0.00_0006_StartGoalSwap,7,0.0,6,24,0,0.0,16,StartGoalSwap
126,grid_size7_complexity0.00_0006_TransposeEnv,7,0.0,6,24,0,0.0,16,TransposeEnv
127,grid_size7_complexity0.00_0007_RotateEnv,7,0.0,7,24,0,0.0,16,RotateEnv
128,grid_size7_complexity0.00_0007_StartGoalSwap,7,0.0,7,24,0,0.0,16,StartGoalSwap
129,grid_size7_complexity0.00_0007_TransposeEnv,7,0.0,7,24,0,0.0,16,TransposeEnv
130,grid_size7_complexity0.00_0008_ReflectEnv,7,0.0,8,24,0,0.0,16,ReflectEnv
131,grid_size7_complexity0.00_0008_RotateEnv,7,0.0,8,24,0,0.0,16,RotateEnv
132,grid_size7_complexity0.00_0008_StartGoalSwap,7,0.0,8,24,0,0.0,16,StartGoalSwap
133,grid_size7_complexity0.00_0009_ReflectEnv,7,0.0,9,24,0,0.0,16,ReflectEnv
134,grid_size7_complexity0.00_0009_RotateEnv,7,0.0,9,24,0,0.0,16,RotateEnv
135,grid_size7_complexity0.00_0009_StartGoalSwap,7,0.0,9,24,0,0.0,16,StartGoalSwap
136,grid_size7_complexity0.00_0009_TransposeEnv,7,0.0,9,24,0,0.0,16,TransposeEnv
137,grid_size7_complexity0.20_0000_TransposeEnv,7,0.2,0,22,1,0.0454545454545454,11,TransposeEnv
138,grid_size7_complexity0.20_0001_ReflectEnv,7,0.2,1,22,0,0.0,10,ReflectEnv
139,grid_size7_complexity0.20_0001_RotateEnv,7,0.2,1,22,0,0.0,10,RotateEnv
140,grid_size7_complexity0.20_0001_StartGoalSwap,7,0.2,1,22,0,0.0,10,StartGoalSwap
141,grid_size7_complexity0.20_0002_ReflectEnv,7,0.2,2,22,0,0.0,10,ReflectEnv
142,grid_size7_complexity0.20_0002_RotateEnv,7,0.2,2,22,0,0.0,10,RotateEnv
143,grid_size7_complexity0.20_0002_StartGoalSwap,7,0.2,2,22,1,0.0454545454545454,8,StartGoalSwap
144,grid_size7_complexity0.20_0002_TransposeEnv,7,0.2,2,22,0,0.0,10,TransposeEnv
145,grid_size7_complexity0.20_0003_ReflectEnv,7,0.2,3,22,0,0.0,10,ReflectEnv
146,grid_size7_complexity0.20_0003_StartGoalSwap,7,0.2,3,22,1,0.0454545454545454,10,StartGoalSwap
147,grid_size7_complexity0.20_0003_TransposeEnv,7,0.2,3,22,0,0.0,10,TransposeEnv
148,grid_size7_complexity0.20_0004_StartGoalSwap,7,0.2,4,22,1,0.0454545454545454,9,StartGoalSwap
149,grid_size7_complexity0.20_0004_TransposeEnv,7,0.2,4,22,0,0.0,11,TransposeEnv
150,grid_size7_complexity0.20_0005_ReflectEnv,7,0.2,5,22,0,0.0,11,ReflectEnv
151,grid_size7_complexity0.20_0005_RotateEnv,7,0.2,5,22,1,0.0454545454545454,11,RotateEnv
152,grid_size7_complexity0.20_0005_TransposeEnv,7,0.2,5,22,1,0.0454545454545454,11,TransposeEnv
153,grid_size7_complexity0.20_0006_ReflectEnv,7,0.2,6,22,0,0.0,10,ReflectEnv
154,grid_size7_complexity0.20_0006_RotateEnv,7,0.2,6,22,2,0.0909090909090909,10,RotateEnv
155,grid_size7_complexity0.20_0006_StartGoalSwap,7,0.2,6,22,0,0.0,10,StartGoalSwap
156,grid_size7_complexity0.20_0007_ReflectEnv,7,0.2,7,22,0,0.0,11,ReflectEnv
157,grid_size7_complexity0.20_0007_RotateEnv,7,0.2,7,22,1,0.0454545454545454,11,RotateEnv
158,grid_size7_complexity0.20_0007_StartGoalSwap,7,0.2,7,22,0,0.0,9,StartGoalSwap
159,grid_size7_complexity0.20_0007_TransposeEnv,7,0.2,7,22,1,0.0454545454545454,11,TransposeEnv
160,grid_size7_complexity0.20_0008_RotateEnv,7,0.2,8,22,0,0.0,10,RotateEnv
161,grid_size7_complexity0.20_0008_StartGoalSwap,7,0.2,8,22,0,0.0,10,StartGoalSwap
162,grid_size7_complexity0.20_0008_TransposeEnv,7,0.2,8,22,0,0.0,10,TransposeEnv
163,grid_size7_complexity0.20_0009_ReflectEnv,7,0.2,9,22,1,0.0454545454545454,10,ReflectEnv
164,grid_size7_complexity0.20_0009_RotateEnv,7,0.2,9,22,0,0.0,10,RotateEnv
165,grid_size7_complexity0.20_0009_StartGoalSwap,7,0.2,9,22,0,0.0,10,StartGoalSwap
166,grid_size7_complexity0.20_0009_TransposeEnv,7,0.2,9,22,0,0.0,10,TransposeEnv
167,grid_size7_complexity0.40_0000_StartGoalSwap,7,0.4,0,20,0,0.0,6,StartGoalSwap
168,grid_size7_complexity0.40_0000_TransposeEnv,7,0.4,0,20,0,0.0,6,TransposeEnv
169,grid_size7_complexity0.40_0001_ReflectEnv,7,0.4,1,20,0,0.0,8,ReflectEnv
170,grid_size7_complexity0.40_0001_RotateEnv,7,0.4,1,20,0,0.0,8,RotateEnv
171,grid_size7_complexity0.40_0001_StartGoalSwap,7,0.4,1,20,1,0.05,8,StartGoalSwap
172,grid_size7_complexity0.40_0001_TransposeEnv,7,0.4,1,20,0,0.0,8,TransposeEnv
173,grid_size7_complexity0.40_0002_ReflectEnv,7,0.4,2,20,0,0.0,7,ReflectEnv
174,grid_size7_complexity0.40_0002_RotateEnv,7,0.4,2,20,0,0.0,7,RotateEnv
175,grid_size7_complexity0.40_0002_StartGoalSwap,7,0.4,2,20,0,0.0,7,StartGoalSwap
176,grid_size7_complexity0.40_0002_TransposeEnv,7,0.4,2,20,1,0.05,7,TransposeEnv
177,grid_size7_complexity0.40_0003_ReflectEnv,7,0.4,3,20,0,0.0,7,ReflectEnv
178,grid_size7_complexity0.40_0004_RotateEnv,7,0.4,4,20,0,0.0,7,RotateEnv
179,grid_size7_complexity0.40_0004_StartGoalSwap,7,0.4,4,20,2,0.1,7,StartGoalSwap
180,grid_size7_complexity0.40_0005_ReflectEnv,7,0.4,5,20,3,0.15,5,ReflectEnv
181,grid_size7_complexity0.40_0005_RotateEnv,7,0.4,5,20,3,0.15,5,RotateEnv
182,grid_size7_complexity0.40_0005_StartGoalSwap,7,0.4,5,20,1,0.05,5,StartGoalSwap
183,grid_size7_complexity0.40_0005_TransposeEnv,7,0.4,5,20,4,0.2,5,TransposeEnv
184,grid_size7_complexity0.40_0006_ReflectEnv,7,0.4,6,20,4,0.2,5,ReflectEnv
185,grid_size7_complexity0.40_0006_RotateEnv,7,0.4,6,20,0,0.0,5,RotateEnv
186,grid_size7_complexity0.40_0006_TransposeEnv,7,0.4,6,20,0,0.0,5,TransposeEnv
187,grid_size7_complexity0.40_0007_ReflectEnv,7,0.4,7,20,2,0.1,6,ReflectEnv
188,grid_size7_complexity0.40_0007_StartGoalSwap,7,0.4,7,20,1,0.05,6,StartGoalSwap
189,grid_size7_complexity0.40_0007_TransposeEnv,7,0.4,7,20,1,0.05,6,TransposeEnv
190,grid_size7_complexity0.40_0009_RotateEnv,7,0.4,9,20,1,0.05,6,RotateEnv
191,grid_size7_complexity0.40_0009_TransposeEnv,7,0.4,9,20,0,0.0,6,TransposeEnv
192,grid_size7_complexity0.60_0000_ReflectEnv,7,0.6,0,19,1,0.0526315789473684,4,ReflectEnv
193,grid_size7_complexity0.60_0000_RotateEnv,7,0.6,0,19,0,0.0,4,RotateEnv
194,grid_size7_complexity0.60_0000_StartGoalSwap,7,0.6,0,19,0,0.0,4,StartGoalSwap
195,grid_size7_complexity0.60_0000_TransposeEnv,7,0.6,0,19,0,0.0,4,TransposeEnv
196,grid_size7_complexity0.60_0001_ReflectEnv,7,0.6,1,19,0,0.0,4,ReflectEnv
197,grid_size7_complexity0.60_0001_RotateEnv,7,0.6,1,19,1,0.0526315789473684,4,RotateEnv
198,grid_size7_complexity0.60_0001_StartGoalSwap,7,0.6,1,19,1,0.0526315789473684,4,StartGoalSwap
199,grid_size7_complexity0.60_0002_ReflectEnv,7,0.6,2,19,0,0.0,5,ReflectEnv
200,grid_size7_complexity0.60_0002_StartGoalSwap,7,0.6,2,19,1,0.0526315789473684,5,StartGoalSwap
201,grid_size7_complexity0.60_0002_TransposeEnv,7,0.6,2,19,1,0.0526315789473684,5,TransposeEnv
202,grid_size7_complexity0.60_0003_RotateEnv,7,0.6,3,19,2,0.1052631578947368,5,RotateEnv
203,grid_size7_complexity0.60_0003_TransposeEnv,7,0.6,3,19,0,0.0,5,TransposeEnv
204,grid_size7_complexity0.60_0004_ReflectEnv,7,0.6,4,19,3,0.1578947368421052,5,ReflectEnv
205,grid_size7_complexity0.60_0004_RotateEnv,7,0.6,4,19,1,0.0526315789473684,5,RotateEnv
206,grid_size7_complexity0.60_0004_StartGoalSwap,7,0.6,4,19,1,0.0526315789473684,5,StartGoalSwap
207,grid_size7_complexity0.60_0004_TransposeEnv,7,0.6,4,19,1,0.0526315789473684,5,TransposeEnv
208,grid_size7_complexity0.60_0005_ReflectEnv,7,0.6,5,19,1,0.0526315789473684,5,ReflectEnv
209,grid_size7_complexity0.60_0005_RotateEnv,7,0.6,5,19,1,0.0526315789473684,5,RotateEnv
210,grid_size7_complexity0.60_0005_StartGoalSwap,7,0.6,5,19,2,0.1052631578947368,5,StartGoalSwap
211,grid_size7_complexity0.60_0005_TransposeEnv,7,0.6,5,19,0,0.0,5,TransposeEnv
212,grid_size7_complexity0.60_0006_ReflectEnv,7,0.6,6,19,0,0.0,3,ReflectEnv
213,grid_size7_complexity0.60_0007_RotateEnv,7,0.6,7,19,0,0.0,3,RotateEnv
214,grid_size7_complexity0.60_0007_StartGoalSwap,7,0.6,7,19,0,0.0,4,StartGoalSwap
215,grid_size7_complexity0.60_0007_TransposeEnv,7,0.6,7,19,2,0.1052631578947368,3,TransposeEnv
216,grid_size7_complexity0.60_0008_ReflectEnv,7,0.6,8,19,2,0.1052631578947368,4,ReflectEnv
217,grid_size7_complexity0.60_0008_RotateEnv,7,0.6,8,19,1,0.0526315789473684,4,RotateEnv
218,grid_size7_complexity0.60_0008_StartGoalSwap,7,0.6,8,19,0,0.0,4,StartGoalSwap
219,grid_size7_complexity0.60_0008_TransposeEnv,7,0.6,8,19,2,0.1052631578947368,4,TransposeEnv
220,grid_size7_complexity0.60_0009_ReflectEnv,7,0.6,9,19,0,0.0,5,ReflectEnv
221,grid_size7_complexity0.60_0009_TransposeEnv,7,0.6,9,19,0,0.0,5,TransposeEnv
222,grid_size7_complexity0.80_0000_RotateEnv,7,0.8,0,17,0,0.0,2,RotateEnv
223,grid_size7_complexity0.80_0000_StartGoalSwap,7,0.8,0,17,0,0.0,2,StartGoalSwap
224,grid_size7_complexity0.80_0000_TransposeEnv,7,0.8,0,17,0,0.0,2,TransposeEnv
225,grid_size7_complexity0.80_0001_StartGoalSwap,7,0.8,1,17,1,0.0588235294117647,1,StartGoalSwap
226,grid_size7_complexity0.80_0001_TransposeEnv,7,0.8,1,17,2,0.1176470588235294,1,TransposeEnv
227,grid_size7_complexity0.80_0002_ReflectEnv,7,0.8,2,17,0,0.0,1,ReflectEnv
228,grid_size7_complexity0.80_0002_RotateEnv,7,0.8,2,17,0,0.0,1,RotateEnv
229,grid_size7_complexity0.80_0002_TransposeEnv,7,0.8,2,17,0,0.0,1,TransposeEnv
230,grid_size7_complexity0.80_0003_ReflectEnv,7,0.8,3,17,0,0.0,1,ReflectEnv
231,grid_size7_complexity0.80_0003_RotateEnv,7,0.8,3,17,0,0.0,1,RotateEnv
232,grid_size7_complexity0.80_0003_StartGoalSwap,7,0.8,3,17,0,0.0,1,StartGoalSwap
233,grid_size7_complexity0.80_0004_RotateEnv,7,0.8,4,17,0,0.0,1,RotateEnv
234,grid_size7_complexity0.80_0004_StartGoalSwap,7,0.8,4,17,0,0.0,1,StartGoalSwap
235,grid_size7_complexity0.80_0005_StartGoalSwap,7,0.8,5,17,0,0.0,1,StartGoalSwap
236,grid_size7_complexity0.80_0005_TransposeEnv,7,0.8,5,17,4,0.2352941176470588,1,TransposeEnv
237,grid_size7_complexity0.80_0006_ReflectEnv,7,0.8,6,17,0,0.0,1,ReflectEnv
238,grid_size7_complexity0.80_0006_RotateEnv,7,0.8,6,17,3,0.1764705882352941,1,RotateEnv
239,grid_size7_complexity0.80_0006_StartGoalSwap,7,0.8,6,17,0,0.0,1,StartGoalSwap
240,grid_size7_complexity0.80_0006_TransposeEnv,7,0.8,6,17,0,0.0,1,TransposeEnv
241,grid_size7_complexity0.80_0007_ReflectEnv,7,0.8,7,17,3,0.1764705882352941,1,ReflectEnv
242,grid_size7_complexity0.80_0007_RotateEnv,7,0.8,7,17,3,0.1764705882352941,1,RotateEnv
243,grid_size7_complexity0.80_0007_TransposeEnv,7,0.8,7,17,1,0.0588235294117647,1,TransposeEnv
244,grid_size7_complexity0.80_0008_RotateEnv,7,0.8,8,17,1,0.0588235294117647,1,RotateEnv
245,grid_size7_complexity0.80_0009_ReflectEnv,7,0.8,9,17,1,0.0588235294117647,1,ReflectEnv
246,grid_size7_complexity0.80_0009_RotateEnv,7,0.8,9,17,0,0.0,1,RotateEnv
247,grid_size7_complexity0.80_0009_TransposeEnv,7,0.8,9,17,0,0.0,1,TransposeEnv
248,grid_size7_complexity1.00_0000_RotateEnv,7,1.0,0,16,0,0.0,0,RotateEnv
249,grid_size7_complexity1.00_0000_StartGoalSwap,7,1.0,0,16,0,0.0,0,StartGoalSwap
250,grid_size7_complexity1.00_0000_TransposeEnv,7,1.0,0,16,0,0.0,0,TransposeEnv
251,grid_size7_complexity1.00_0001_ReflectEnv,7,1.0,1,16,2,0.125,0,ReflectEnv
252,grid_size7_complexity1.00_0001_RotateEnv,7,1.0,1,16,2,0.125,0,RotateEnv
253,grid_size7_complexity1.00_0001_StartGoalSwap,7,1.0,1,16,1,0.0625,0,StartGoalSwap
254,grid_size7_complexity1.00_0001_TransposeEnv,7,1.0,1,16,0,0.0,0,TransposeEnv
255,grid_size7_complexity1.00_0002_ReflectEnv,7,1.0,2,16,2,0.125,0,ReflectEnv
256,grid_size7_complexity1.00_0002_RotateEnv,7,1.0,2,16,2,0.125,0,RotateEnv
257,grid_size7_complexity1.00_0003_ReflectEnv,7,1.0,3,16,0,0.0,0,ReflectEnv
258,grid_size7_complexity1.00_0003_StartGoalSwap,7,1.0,3,16,1,0.0625,0,StartGoalSwap
259,grid_size7_complexity1.00_0004_RotateEnv,7,1.0,4,16,1,0.0625,0,RotateEnv
260,grid_size7_complexity1.00_0004_StartGoalSwap,7,1.0,4,16,0,0.0,0,StartGoalSwap
261,grid_size7_complexity1.00_0004_TransposeEnv,7,1.0,4,16,0,0.0,0,TransposeEnv
262,grid_size7_complexity1.00_0005_ReflectEnv,7,1.0,5,16,1,0.0625,0,ReflectEnv
263,grid_size7_complexity1.00_0005_RotateEnv,7,1.0,5,16,0,0.0,0,RotateEnv
264,grid_size7_complexity1.00_0005_StartGoalSwap,7,1.0,5,16,0,0.0,0,StartGoalSwap
265,grid_size7_complexity1.00_0006_ReflectEnv,7,1.0,6,16,1,0.0625,0,ReflectEnv
266,grid_size7_complexity1.00_0006_RotateEnv,7,1.0,6,16,3,0.1875,0,RotateEnv
267,grid_size7_complexity1.00_0006_StartGoalSwap,7,1.0,6,16,0,0.0,0,StartGoalSwap
268,grid_size7_complexity1.00_0006_TransposeEnv,7,1.0,6,16,1,0.0625,0,TransposeEnv
269,grid_size7_complexity1.00_0007_ReflectEnv,7,1.0,7,16,1,0.0625,0,ReflectEnv
270,grid_size7_complexity1.00_0007_TransposeEnv,7,1.0,7,16,0,0.0,0,TransposeEnv
271,grid_size7_complexity1.00_0008_TransposeEnv,7,1.0,8,16,1,0.0625,0,TransposeEnv
272,grid_size7_complexity1.00_0009_ReflectEnv,7,1.0,9,16,1,0.0625,0,ReflectEnv
273,grid_size7_complexity1.00_0009_RotateEnv,7,1.0,9,16,3,0.1875,0,RotateEnv
274,grid_size7_complexity1.00_0009_StartGoalSwap,7,1.0,9,16,0,0.0,0,StartGoalSwap
275,grid_size9_complexity0.00_0000_StartGoalSwap,9,0.0,0,48,0,0.0,36,StartGoalSwap
276,grid_size9_complexity0.00_0001_RotateEnv,9,0.0,1,48,0,0.0,36,RotateEnv
277,grid_size9_complexity0.00_0001_StartGoalSwap,9,0.0,1,48,0,0.0,36,StartGoalSwap
278,grid_size9_complexity0.00_0001_TransposeEnv,9,0.0,1,48,0,0.0,36,TransposeEnv
279,grid_size9_complexity0.00_0002_ReflectEnv,9,0.0,2,48,0,0.0,36,ReflectEnv
280,grid_size9_complexity0.00_0002_RotateEnv,9,0.0,2,48,0,0.0,36,RotateEnv
281,grid_size9_complexity0.00_0002_StartGoalSwap,9,0.0,2,48,0,0.0,36,StartGoalSwap
282,grid_size9_complexity0.00_0002_TransposeEnv,9,0.0,2,48,0,0.0,36,TransposeEnv
283,grid_size9_complexity0.00_0003_ReflectEnv,9,0.0,3,48,0,0.0,36,ReflectEnv
284,grid_size9_complexity0.00_0003_RotateEnv,9,0.0,3,48,0,0.0,36,RotateEnv
285,grid_size9_complexity0.00_0003_TransposeEnv,9,0.0,3,48,0,0.0,36,TransposeEnv
286,grid_size9_complexity0.00_0004_StartGoalSwap,9,0.0,4,48,0,0.0,36,StartGoalSwap
287,grid_size9_complexity0.00_0004_TransposeEnv,9,0.0,4,48,0,0.0,36,TransposeEnv
288,grid_size9_complexity0.00_0005_RotateEnv,9,0.0,5,48,0,0.0,36,RotateEnv
289,grid_size9_complexity0.00_0005_StartGoalSwap,9,0.0,5,48,0,0.0,36,StartGoalSwap
290,grid_size9_complexity0.00_0005_TransposeEnv,9,0.0,5,48,0,0.0,36,TransposeEnv
291,grid_size9_complexity0.00_0006_ReflectEnv,9,0.0,6,48,0,0.0,36,ReflectEnv
292,grid_size9_complexity0.00_0006_RotateEnv,9,0.0,6,48,0,0.0,36,RotateEnv
293,grid_size9_complexity0.00_0006_TransposeEnv,9,0.0,6,48,0,0.0,36,TransposeEnv
294,grid_size9_complexity0.00_0007_ReflectEnv,9,0.0,7,48,0,0.0,36,ReflectEnv
295,grid_size9_complexity0.00_0008_RotateEnv,9,0.0,8,48,0,0.0,36,RotateEnv
296,grid_size9_complexity0.00_0008_StartGoalSwap,9,0.0,8,48,0,0.0,36,StartGoalSwap
297,grid_size9_complexity0.00_0008_TransposeEnv,9,0.0,8,48,0,0.0,36,TransposeEnv
298,grid_size9_complexity0.00_0009_ReflectEnv,9,0.0,9,48,0,0.0,36,ReflectEnv
299,grid_size9_complexity0.00_0009_RotateEnv,9,0.0,9,48,0,0.0,36,RotateEnv
300,grid_size9_complexity0.00_0009_TransposeEnv,9,0.0,9,48,0,0.0,36,TransposeEnv
301,grid_size9_complexity0.20_0000_ReflectEnv,9,0.2,0,44,0,0.0,26,ReflectEnv
302,grid_size9_complexity0.20_0000_RotateEnv,9,0.2,0,44,1,0.0227272727272727,26,RotateEnv
303,grid_size9_complexity0.20_0000_StartGoalSwap,9,0.2,0,44,3,0.0681818181818181,26,StartGoalSwap
304,grid_size9_complexity0.20_0000_TransposeEnv,9,0.2,0,44,2,0.0454545454545454,26,TransposeEnv
305,grid_size9_complexity0.20_0001_ReflectEnv,9,0.2,1,44,1,0.0227272727272727,25,ReflectEnv
306,grid_size9_complexity0.20_0001_StartGoalSwap,9,0.2,1,44,1,0.0227272727272727,25,StartGoalSwap
307,grid_size9_complexity0.20_0001_TransposeEnv,9,0.2,1,44,1,0.0227272727272727,25,TransposeEnv
308,grid_size9_complexity0.20_0002_ReflectEnv,9,0.2,2,44,3,0.0681818181818181,24,ReflectEnv
309,grid_size9_complexity0.20_0002_RotateEnv,9,0.2,2,44,0,0.0,24,RotateEnv
310,grid_size9_complexity0.20_0002_StartGoalSwap,9,0.2,2,44,1,0.0227272727272727,24,StartGoalSwap
311,grid_size9_complexity0.20_0003_RotateEnv,9,0.2,3,44,2,0.0454545454545454,22,RotateEnv
312,grid_size9_complexity0.20_0003_TransposeEnv,9,0.2,3,44,3,0.0681818181818181,22,TransposeEnv
313,grid_size9_complexity0.20_0004_ReflectEnv,9,0.2,4,44,1,0.0227272727272727,23,ReflectEnv
314,grid_size9_complexity0.20_0004_RotateEnv,9,0.2,4,44,5,0.1136363636363636,23,RotateEnv
315,grid_size9_complexity0.20_0004_StartGoalSwap,9,0.2,4,44,0,0.0,23,StartGoalSwap
316,grid_size9_complexity0.20_0004_TransposeEnv,9,0.2,4,44,3,0.0681818181818181,23,TransposeEnv
317,grid_size9_complexity0.20_0005_ReflectEnv,9,0.2,5,44,0,0.0,25,ReflectEnv
318,grid_size9_complexity0.20_0005_StartGoalSwap,9,0.2,5,44,2,0.0454545454545454,25,StartGoalSwap
319,grid_size9_complexity0.20_0006_ReflectEnv,9,0.2,6,44,1,0.0227272727272727,25,ReflectEnv
320,grid_size9_complexity0.20_0006_TransposeEnv,9,0.2,6,44,0,0.0,25,TransposeEnv
321,grid_size9_complexity0.20_0007_RotateEnv,9,0.2,7,44,2,0.0454545454545454,24,RotateEnv
322,grid_size9_complexity0.20_0007_StartGoalSwap,9,0.2,7,44,0,0.0,24,StartGoalSwap
323,grid_size9_complexity0.20_0007_TransposeEnv,9,0.2,7,44,2,0.0454545454545454,24,TransposeEnv
324,grid_size9_complexity0.20_0008_ReflectEnv,9,0.2,8,44,2,0.0454545454545454,25,ReflectEnv
325,grid_size9_complexity0.20_0008_RotateEnv,9,0.2,8,44,2,0.0454545454545454,25,RotateEnv
326,grid_size9_complexity0.20_0008_StartGoalSwap,9,0.2,8,44,2,0.0454545454545454,23,StartGoalSwap
327,grid_size9_complexity0.20_0008_TransposeEnv,9,0.2,8,44,0,0.0,25,TransposeEnv
328,grid_size9_complexity0.20_0009_ReflectEnv,9,0.2,9,44,2,0.0454545454545454,26,ReflectEnv
329,grid_size9_complexity0.40_0000_ReflectEnv,9,0.4,0,40,1,0.025,13,ReflectEnv
330,grid_size9_complexity0.40_0000_RotateEnv,9,0.4,0,40,4,0.1,13,RotateEnv
331,grid_size9_complexity0.40_0001_ReflectEnv,9,0.4,1,40,1,0.025,16,ReflectEnv
332,grid_size9_complexity0.40_0001_RotateEnv,9,0.4,1,40,0,0.0,16,RotateEnv
333,grid_size9_complexity0.40_0001_StartGoalSwap,9,0.4,1,40,3,0.075,16,StartGoalSwap
334,grid_size9_complexity0.40_0001_TransposeEnv,9,0.4,1,40,2,0.05,16,TransposeEnv
335,grid_size9_complexity0.40_0002_ReflectEnv,9,0.4,2,40,1,0.025,15,ReflectEnv
336,grid_size9_complexity0.40_0002_StartGoalSwap,9,0.4,2,40,2,0.05,14,StartGoalSwap
337,grid_size9_complexity0.40_0002_TransposeEnv,9,0.4,2,40,1,0.025,15,TransposeEnv
338,grid_size9_complexity0.40_0003_RotateEnv,9,0.4,3,40,2,0.05,16,RotateEnv
339,grid_size9_complexity0.40_0003_StartGoalSwap,9,0.4,3,40,0,0.0,16,StartGoalSwap
340,grid_size9_complexity0.40_0003_TransposeEnv,9,0.4,3,40,1,0.025,16,TransposeEnv
341,grid_size9_complexity0.40_0004_ReflectEnv,9,0.4,4,40,3,0.075,13,ReflectEnv
342,grid_size9_complexity0.40_0004_RotateEnv,9,0.4,4,40,1,0.025,13,RotateEnv
343,grid_size9_complexity0.40_0004_StartGoalSwap,9,0.4,4,40,4,0.1,14,StartGoalSwap
344,grid_size9_complexity0.40_0004_TransposeEnv,9,0.4,4,40,1,0.025,13,TransposeEnv
345,grid_size9_complexity0.40_0005_ReflectEnv,9,0.4,5,40,0,0.0,17,ReflectEnv
346,grid_size9_complexity0.40_0005_RotateEnv,9,0.4,5,40,1,0.025,17,RotateEnv
347,grid_size9_complexity0.40_0005_TransposeEnv,9,0.4,5,40,1,0.025,17,TransposeEnv
348,grid_size9_complexity0.40_0006_ReflectEnv,9,0.4,6,40,7,0.175,14,ReflectEnv
349,grid_size9_complexity0.40_0006_StartGoalSwap,9,0.4,6,40,1,0.025,15,StartGoalSwap
350,grid_size9_complexity0.40_0006_TransposeEnv,9,0.4,6,40,3,0.075,14,TransposeEnv
351,grid_size9_complexity0.40_0007_RotateEnv,9,0.4,7,40,2,0.05,16,RotateEnv
352,grid_size9_complexity0.40_0007_StartGoalSwap,9,0.4,7,40,6,0.15,16,StartGoalSwap
353,grid_size9_complexity0.40_0008_ReflectEnv,9,0.4,8,40,4,0.1,15,ReflectEnv
354,grid_size9_complexity0.40_0008_RotateEnv,9,0.4,8,40,6,0.15,15,RotateEnv
355,grid_size9_complexity0.40_0008_StartGoalSwap,9,0.4,8,40,1,0.025,15,StartGoalSwap
356,grid_size9_complexity0.40_0008_TransposeEnv,9,0.4,8,40,3,0.075,15,TransposeEnv
357,grid_size9_complexity0.40_0009_ReflectEnv,9,0.4,9,40,3,0.075,13,ReflectEnv
358,grid_size9_complexity0.40_0009_StartGoalSwap,9,0.4,9,40,3,0.075,13,StartGoalSwap
359,grid_size9_complexity0.40_0009_TransposeEnv,9,0.4,9,40,5,0.125,13,TransposeEnv
360,grid_size9_complexity0.60_0000_RotateEnv,9,0.6,0,37,7,0.1891891891891892,9,RotateEnv
361,grid_size9_complexity0.60_0000_TransposeEnv,9,0.6,0,37,6,0.1621621621621621,9,TransposeEnv
362,grid_size9_complexity0.60_0001_RotateEnv,9,0.6,1,37,4,0.1081081081081081,9,RotateEnv
363,grid_size9_complexity0.60_0001_StartGoalSwap,9,0.6,1,37,0,0.0,8,StartGoalSwap
364,grid_size9_complexity0.60_0001_TransposeEnv,9,0.6,1,37,3,0.081081081081081,9,TransposeEnv
365,grid_size9_complexity0.60_0002_ReflectEnv,9,0.6,2,37,5,0.1351351351351351,10,ReflectEnv
366,grid_size9_complexity0.60_0002_RotateEnv,9,0.6,2,37,1,0.027027027027027,10,RotateEnv
367,grid_size9_complexity0.60_0002_StartGoalSwap,9,0.6,2,37,4,0.1081081081081081,10,StartGoalSwap
368,grid_size9_complexity0.60_0003_ReflectEnv,9,0.6,3,37,2,0.054054054054054,11,ReflectEnv
369,grid_size9_complexity0.60_0003_StartGoalSwap,9,0.6,3,37,1,0.027027027027027,11,StartGoalSwap
370,grid_size9_complexity0.60_0003_TransposeEnv,9,0.6,3,37,5,0.1351351351351351,11,TransposeEnv
371,grid_size9_complexity0.60_0004_StartGoalSwap,9,0.6,4,37,7,0.1891891891891892,8,StartGoalSwap
372,grid_size9_complexity0.60_0004_TransposeEnv,9,0.6,4,37,8,0.2162162162162162,7,TransposeEnv
373,grid_size9_complexity0.60_0005_RotateEnv,9,0.6,5,37,2,0.054054054054054,9,RotateEnv
374,grid_size9_complexity0.60_0006_ReflectEnv,9,0.6,6,37,2,0.054054054054054,10,ReflectEnv
375,grid_size9_complexity0.60_0006_RotateEnv,9,0.6,6,37,4,0.1081081081081081,10,RotateEnv
376,grid_size9_complexity0.60_0006_StartGoalSwap,9,0.6,6,37,4,0.1081081081081081,10,StartGoalSwap
377,grid_size9_complexity0.60_0006_TransposeEnv,9,0.6,6,37,2,0.054054054054054,10,TransposeEnv
378,grid_size9_complexity0.60_0007_ReflectEnv,9,0.6,7,37,3,0.081081081081081,11,ReflectEnv
379,grid_size9_complexity0.60_0007_StartGoalSwap,9,0.6,7,37,7,0.1891891891891892,9,StartGoalSwap
380,grid_size9_complexity0.60_0007_TransposeEnv,9,0.6,7,37,2,0.054054054054054,11,TransposeEnv
381,grid_size9_complexity0.60_0008_StartGoalSwap,9,0.6,8,37,1,0.027027027027027,10,StartGoalSwap
382,grid_size9_complexity0.60_0008_TransposeEnv,9,0.6,8,37,4,0.1081081081081081,10,TransposeEnv
383,grid_size9_complexity0.60_0009_ReflectEnv,9,0.6,9,37,5,0.1351351351351351,12,ReflectEnv
384,grid_size9_complexity0.60_0009_RotateEnv,9,0.6,9,37,3,0.081081081081081,12,RotateEnv
385,grid_size9_complexity0.60_0009_StartGoalSwap,9,0.6,9,37,4,0.1081081081081081,12,StartGoalSwap
386,grid_size9_complexity0.80_0000_ReflectEnv,9,0.8,0,33,2,0.0606060606060606,5,ReflectEnv
387,grid_size9_complexity0.80_0000_StartGoalSwap,9,0.8,0,33,5,0.1515151515151515,5,StartGoalSwap
388,grid_size9_complexity0.80_0001_ReflectEnv,9,0.8,1,33,3,0.0909090909090909,4,ReflectEnv
389,grid_size9_complexity0.80_0001_RotateEnv,9,0.8,1,33,1,0.0303030303030303,4,RotateEnv
390,grid_size9_complexity0.80_0001_TransposeEnv,9,0.8,1,33,2,0.0606060606060606,4,TransposeEnv
391,grid_size9_complexity0.80_0002_ReflectEnv,9,0.8,2,33,3,0.0909090909090909,2,ReflectEnv
392,grid_size9_complexity0.80_0002_RotateEnv,9,0.8,2,33,7,0.2121212121212121,2,RotateEnv
393,grid_size9_complexity0.80_0002_StartGoalSwap,9,0.8,2,33,1,0.0303030303030303,2,StartGoalSwap
394,grid_size9_complexity0.80_0002_TransposeEnv,9,0.8,2,33,7,0.2121212121212121,2,TransposeEnv
395,grid_size9_complexity0.80_0003_RotateEnv,9,0.8,3,33,3,0.0909090909090909,3,RotateEnv
396,grid_size9_complexity0.80_0003_StartGoalSwap,9,0.8,3,33,2,0.0606060606060606,2,StartGoalSwap
397,grid_size9_complexity0.80_0003_TransposeEnv,9,0.8,3,33,5,0.1515151515151515,3,TransposeEnv
398,grid_size9_complexity0.80_0004_ReflectEnv,9,0.8,4,33,4,0.1212121212121212,4,ReflectEnv
399,grid_size9_complexity0.80_0004_TransposeEnv,9,0.8,4,33,3,0.0909090909090909,4,TransposeEnv
400,grid_size9_complexity0.80_0005_ReflectEnv,9,0.8,5,33,2,0.0606060606060606,3,ReflectEnv
401,grid_size9_complexity0.80_0005_RotateEnv,9,0.8,5,33,1,0.0303030303030303,3,RotateEnv
402,grid_size9_complexity0.80_0005_StartGoalSwap,9,0.8,5,33,5,0.1515151515151515,3,StartGoalSwap
403,grid_size9_complexity0.80_0005_TransposeEnv,9,0.8,5,33,1,0.0303030303030303,3,TransposeEnv
404,grid_size9_complexity0.80_0006_ReflectEnv,9,0.8,6,33,4,0.1212121212121212,4,ReflectEnv
405,grid_size9_complexity0.80_0006_RotateEnv,9,0.8,6,33,4,0.1212121212121212,4,RotateEnv
406,grid_size9_complexity0.80_0006_StartGoalSwap,9,0.8,6,33,8,0.2424242424242424,4,StartGoalSwap
407,grid_size9_complexity0.80_0007_RotateEnv,9,0.8,7,33,6,0.1818181818181818,3,RotateEnv
408,grid_size9_complexity0.80_0007_StartGoalSwap,9,0.8,7,33,5,0.1515151515151515,3,StartGoalSwap
409,grid_size9_complexity0.80_0008_ReflectEnv,9,0.8,8,33,10,0.303030303030303,5,ReflectEnv
410,grid_size9_complexity0.80_0008_RotateEnv,9,0.8,8,33,3,0.0909090909090909,5,RotateEnv
411,grid_size9_complexity0.80_0008_StartGoalSwap,9,0.8,8,33,9,0.2727272727272727,5,StartGoalSwap
412,grid_size9_complexity0.80_0008_TransposeEnv,9,0.8,8,33,1,0.0303030303030303,5,TransposeEnv
413,grid_size9_complexity0.80_0009_ReflectEnv,9,0.8,9,33,4,0.1212121212121212,3,ReflectEnv
414,grid_size9_complexity0.80_0009_RotateEnv,9,0.8,9,33,11,0.3333333333333333,3,RotateEnv
415,grid_size9_complexity0.80_0009_StartGoalSwap,9,0.8,9,33,10,0.303030303030303,3,StartGoalSwap
416,grid_size9_complexity0.80_0009_TransposeEnv,9,0.8,9,33,6,0.1818181818181818,3,TransposeEnv
417,grid_size9_complexity1.00_0000_ReflectEnv,9,1.0,0,30,3,0.1,0,ReflectEnv
418,grid_size9_complexity1.00_0000_RotateEnv,9,1.0,0,30,1,0.0333333333333333,0,RotateEnv
419,grid_size9_complexity1.00_0000_StartGoalSwap,9,1.0,0,30,2,0.0666666666666666,0,StartGoalSwap
420,grid_size9_complexity1.00_0000_TransposeEnv,9,1.0,0,30,6,0.2,0,TransposeEnv
421,grid_size9_complexity1.00_0001_ReflectEnv,9,1.0,1,30,3,0.1,0,ReflectEnv
422,grid_size9_complexity1.00_0001_RotateEnv,9,1.0,1,30,2,0.0666666666666666,0,RotateEnv
423,grid_size9_complexity1.00_0002_StartGoalSwap,9,1.0,2,30,5,0.1666666666666666,0,StartGoalSwap
424,grid_size9_complexity1.00_0002_TransposeEnv,9,1.0,2,30,7,0.2333333333333333,0,TransposeEnv
425,grid_size9_complexity1.00_0003_RotateEnv,9,1.0,3,30,5,0.1666666666666666,0,RotateEnv
426,grid_size9_complexity1.00_0003_StartGoalSwap,9,1.0,3,30,6,0.2,0,StartGoalSwap
427,grid_size9_complexity1.00_0003_TransposeEnv,9,1.0,3,30,5,0.1666666666666666,0,TransposeEnv
428,grid_size9_complexity1.00_0004_ReflectEnv,9,1.0,4,30,5,0.1666666666666666,0,ReflectEnv
429,grid_size9_complexity1.00_0004_RotateEnv,9,1.0,4,30,4,0.1333333333333333,0,RotateEnv
430,grid_size9_complexity1.00_0004_TransposeEnv,9,1.0,4,30,3,0.1,0,TransposeEnv
431,grid_size9_complexity1.00_0005_ReflectEnv,9,1.0,5,30,8,0.2666666666666666,0,ReflectEnv
432,grid_size9_complexity1.00_0005_RotateEnv,9,1.0,5,30,2,0.0666666666666666,0,RotateEnv
433,grid_size9_complexity1.00_0005_StartGoalSwap,9,1.0,5,30,4,0.1333333333333333,0,StartGoalSwap
434,grid_size9_complexity1.00_0005_TransposeEnv,9,1.0,5,30,5,0.1666666666666666,0,TransposeEnv
435,grid_size9_complexity1.00_0006_StartGoalSwap,9,1.0,6,30,0,0.0,0,StartGoalSwap
436,grid_size9_complexity1.00_0007_RotateEnv,9,1.0,7,30,9,0.3,0,RotateEnv
437,grid_size9_complexity1.00_0007_StartGoalSwap,9,1.0,7,30,2,0.0666666666666666,0,StartGoalSwap
438,grid_size9_complexity1.00_0007_TransposeEnv,9,1.0,7,30,5,0.1666666666666666,0,TransposeEnv
439,grid_size9_complexity1.00_0008_ReflectEnv,9,1.0,8,30,4,0.1333333333333333,0,ReflectEnv
440,grid_size9_complexity1.00_0008_RotateEnv,9,1.0,8,30,6,0.2,0,RotateEnv
441,grid_size9_complexity1.00_0008_StartGoalSwap,9,1.0,8,30,1,0.0333333333333333,0,StartGoalSwap
442,grid_size9_complexity1.00_0008_TransposeEnv,9,1.0,8,30,7,0.2333333333333333,0,TransposeEnv
443,grid_size9_complexity1.00_0009_ReflectEnv,9,1.0,9,30,3,0.1,0,ReflectEnv
444,grid_size9_complexity1.00_0009_StartGoalSwap,9,1.0,9,30,7,0.2333333333333333,0,StartGoalSwap
445,grid_size9_complexity1.00_0009_TransposeEnv,9,1.0,9,30,5,0.1666666666666666,0,TransposeEnv
446,grid_size11_complexity0.20_0008_ReflectEnv,11,0.2,8,73,4,0.0547945205479452,42,ReflectEnv
447,grid_size11_complexity0.20_0008_RotateEnv,11,0.2,8,73,7,0.0958904109589041,42,RotateEnv
448,grid_size11_complexity0.20_0008_TransposeEnv,11,0.2,8,73,7,0.0958904109589041,42,TransposeEnv
449,grid_size11_complexity0.20_0009_ReflectEnv,11,0.2,9,73,7,0.0958904109589041,44,ReflectEnv
450,grid_size11_complexity0.20_0009_RotateEnv,11,0.2,9,73,3,0.0410958904109589,44,RotateEnv
451,grid_size11_complexity0.40_0000_ReflectEnv,11,0.4,0,67,5,0.0746268656716417,30,ReflectEnv
452,grid_size11_complexity0.40_0000_RotateEnv,11,0.4,0,67,11,0.1641791044776119,30,RotateEnv
453,grid_size11_complexity0.40_0000_StartGoalSwap,11,0.4,0,67,21,0.3134328358208955,30,StartGoalSwap
454,grid_size11_complexity0.40_0001_ReflectEnv,11,0.4,1,67,10,0.1492537313432835,33,ReflectEnv
455,grid_size11_complexity0.40_0001_RotateEnv,11,0.4,1,67,12,0.1791044776119403,33,RotateEnv
456,grid_size11_complexity0.40_0002_ReflectEnv,11,0.4,2,67,5,0.0746268656716417,31,ReflectEnv
457,grid_size11_complexity0.40_0002_StartGoalSwap,11,0.4,2,67,10,0.1492537313432835,29,StartGoalSwap
458,grid_size11_complexity0.40_0002_TransposeEnv,11,0.4,2,67,12,0.1791044776119403,31,TransposeEnv
459,grid_size11_complexity0.40_0003_RotateEnv,11,0.4,3,67,10,0.1492537313432835,27,RotateEnv
460,grid_size11_complexity0.40_0003_StartGoalSwap,11,0.4,3,67,8,0.1194029850746268,28,StartGoalSwap
461,grid_size11_complexity0.40_0003_TransposeEnv,11,0.4,3,67,8,0.1194029850746268,27,TransposeEnv
462,grid_size11_complexity0.40_0004_ReflectEnv,11,0.4,4,67,14,0.208955223880597,29,ReflectEnv
463,grid_size11_complexity0.40_0004_RotateEnv,11,0.4,4,67,11,0.1641791044776119,29,RotateEnv
464,grid_size11_complexity0.40_0004_TransposeEnv,11,0.4,4,67,8,0.1194029850746268,29,TransposeEnv
465,grid_size11_complexity0.40_0005_ReflectEnv,11,0.4,5,67,4,0.0597014925373134,27,ReflectEnv
466,grid_size11_complexity0.40_0005_RotateEnv,11,0.4,5,67,7,0.1044776119402985,27,RotateEnv
467,grid_size11_complexity0.40_0005_StartGoalSwap,11,0.4,5,67,13,0.1940298507462686,27,StartGoalSwap
468,grid_size11_complexity0.40_0005_TransposeEnv,11,0.4,5,67,11,0.1641791044776119,27,TransposeEnv
469,grid_size11_complexity0.40_0006_ReflectEnv,11,0.4,6,67,4,0.0597014925373134,31,ReflectEnv
470,grid_size11_complexity0.40_0006_StartGoalSwap,11,0.4,6,67,7,0.1044776119402985,31,StartGoalSwap
471,grid_size11_complexity0.40_0006_TransposeEnv,11,0.4,6,67,4,0.0597014925373134,31,TransposeEnv
472,grid_size11_complexity0.40_0007_RotateEnv,11,0.4,7,67,18,0.2686567164179104,27,RotateEnv
473,grid_size11_complexity0.40_0007_StartGoalSwap,11,0.4,7,67,12,0.1791044776119403,28,StartGoalSwap
474,grid_size11_complexity0.40_0008_ReflectEnv,11,0.4,8,67,13,0.1940298507462686,28,ReflectEnv
475,grid_size11_complexity0.40_0008_RotateEnv,11,0.4,8,67,7,0.1044776119402985,28,RotateEnv
476,grid_size11_complexity0.40_0008_StartGoalSwap,11,0.4,8,67,10,0.1492537313432835,30,StartGoalSwap
477,grid_size11_complexity0.40_0008_TransposeEnv,11,0.4,8,67,9,0.1343283582089552,28,TransposeEnv
478,grid_size11_complexity0.40_0009_ReflectEnv,11,0.4,9,67,5,0.0746268656716417,33,ReflectEnv
479,grid_size11_complexity0.40_0009_StartGoalSwap,11,0.4,9,67,7,0.1044776119402985,33,StartGoalSwap
480,grid_size11_complexity0.40_0009_TransposeEnv,11,0.4,9,67,5,0.0746268656716417,33,TransposeEnv
481,grid_size11_complexity0.60_0000_RotateEnv,11,0.6,0,60,4,0.0666666666666666,16,RotateEnv
482,grid_size11_complexity0.60_0000_StartGoalSwap,11,0.6,0,60,8,0.1333333333333333,16,StartGoalSwap
483,grid_size11_complexity0.60_0000_TransposeEnv,11,0.6,0,60,3,0.05,16,TransposeEnv
484,grid_size11_complexity0.60_0001_RotateEnv,11,0.6,1,60,8,0.1333333333333333,16,RotateEnv
485,grid_size11_complexity0.60_0001_TransposeEnv,11,0.6,1,60,11,0.1833333333333333,16,TransposeEnv
486,grid_size11_complexity0.60_0002_ReflectEnv,11,0.6,2,60,8,0.1333333333333333,18,ReflectEnv
487,grid_size11_complexity0.60_0002_RotateEnv,11,0.6,2,60,10,0.1666666666666666,18,RotateEnv
488,grid_size11_complexity0.60_0002_StartGoalSwap,11,0.6,2,60,8,0.1333333333333333,17,StartGoalSwap
489,grid_size11_complexity0.60_0003_ReflectEnv,11,0.6,3,60,14,0.2333333333333333,16,ReflectEnv
490,grid_size11_complexity0.60_0003_StartGoalSwap,11,0.6,3,60,11,0.1833333333333333,17,StartGoalSwap
491,grid_size11_complexity0.60_0003_TransposeEnv,11,0.6,3,60,8,0.1333333333333333,16,TransposeEnv
492,grid_size11_complexity0.60_0004_RotateEnv,11,0.6,4,60,17,0.2833333333333333,13,RotateEnv
493,grid_size11_complexity0.60_0004_TransposeEnv,11,0.6,4,60,6,0.1,13,TransposeEnv
494,grid_size11_complexity0.60_0005_ReflectEnv,11,0.6,5,60,11,0.1833333333333333,18,ReflectEnv
495,grid_size11_complexity0.60_0005_RotateEnv,11,0.6,5,60,12,0.2,18,RotateEnv
496,grid_size11_complexity0.60_0006_ReflectEnv,11,0.6,6,60,7,0.1166666666666666,22,ReflectEnv
497,grid_size11_complexity0.60_0006_RotateEnv,11,0.6,6,60,13,0.2166666666666666,22,RotateEnv
498,grid_size11_complexity0.60_0006_StartGoalSwap,11,0.6,6,60,11,0.1833333333333333,22,StartGoalSwap
499,grid_size11_complexity0.60_0006_TransposeEnv,11,0.6,6,60,8,0.1333333333333333,22,TransposeEnv
500,grid_size11_complexity0.60_0007_ReflectEnv,11,0.6,7,60,8,0.1333333333333333,20,ReflectEnv
501,grid_size11_complexity0.60_0007_StartGoalSwap,11,0.6,7,60,5,0.0833333333333333,20,StartGoalSwap
502,grid_size11_complexity0.60_0007_TransposeEnv,11,0.6,7,60,9,0.15,20,TransposeEnv
503,grid_size11_complexity0.60_0008_StartGoalSwap,11,0.6,8,60,18,0.3,16,StartGoalSwap
504,grid_size11_complexity0.60_0008_TransposeEnv,11,0.6,8,60,16,0.2666666666666666,16,TransposeEnv
505,grid_size11_complexity0.60_0009_ReflectEnv,11,0.6,9,60,15,0.25,19,ReflectEnv
506,grid_size11_complexity0.60_0009_RotateEnv,11,0.6,9,60,18,0.3,19,RotateEnv
507,grid_size11_complexity0.60_0009_StartGoalSwap,11,0.6,9,60,13,0.2166666666666666,19,StartGoalSwap
508,grid_size11_complexity0.80_0000_ReflectEnv,11,0.8,0,54,11,0.2037037037037037,8,ReflectEnv
509,grid_size11_complexity0.80_0001_ReflectEnv,11,0.8,1,54,14,0.2592592592592592,7,ReflectEnv
510,grid_size11_complexity0.80_0001_RotateEnv,11,0.8,1,54,13,0.2407407407407407,7,RotateEnv
511,grid_size11_complexity0.80_0001_StartGoalSwap,11,0.8,1,54,15,0.2777777777777778,7,StartGoalSwap
512,grid_size11_complexity0.80_0001_TransposeEnv,11,0.8,1,54,21,0.3888888888888889,7,TransposeEnv
513,grid_size11_complexity0.80_0002_ReflectEnv,11,0.8,2,54,24,0.4444444444444444,9,ReflectEnv
514,grid_size11_complexity0.80_0002_RotateEnv,11,0.8,2,54,22,0.4074074074074074,9,RotateEnv
515,grid_size11_complexity0.80_0002_StartGoalSwap,11,0.8,2,54,11,0.2037037037037037,9,StartGoalSwap
516,grid_size11_complexity0.80_0002_TransposeEnv,11,0.8,2,54,23,0.4259259259259259,9,TransposeEnv
517,grid_size11_complexity0.80_0003_StartGoalSwap,11,0.8,3,54,12,0.2222222222222222,9,StartGoalSwap
518,grid_size11_complexity0.80_0003_TransposeEnv,11,0.8,3,54,17,0.3148148148148148,9,TransposeEnv
519,grid_size11_complexity0.80_0004_ReflectEnv,11,0.8,4,54,16,0.2962962962962963,8,ReflectEnv
520,grid_size11_complexity0.80_0004_StartGoalSwap,11,0.8,4,54,13,0.2407407407407407,8,StartGoalSwap
521,grid_size11_complexity0.80_0004_TransposeEnv,11,0.8,4,54,19,0.3518518518518518,8,TransposeEnv
522,grid_size11_complexity0.80_0005_ReflectEnv,11,0.8,5,54,15,0.2777777777777778,8,ReflectEnv
523,grid_size11_complexity0.80_0005_RotateEnv,11,0.8,5,54,8,0.1481481481481481,8,RotateEnv
524,grid_size11_complexity0.80_0005_TransposeEnv,11,0.8,5,54,16,0.2962962962962963,8,TransposeEnv
525,grid_size11_complexity0.80_0006_ReflectEnv,11,0.8,6,54,19,0.3518518518518518,6,ReflectEnv
526,grid_size11_complexity0.80_0006_RotateEnv,11,0.8,6,54,19,0.3518518518518518,6,RotateEnv
527,grid_size11_complexity0.80_0006_StartGoalSwap,11,0.8,6,54,18,0.3333333333333333,7,StartGoalSwap
528,grid_size11_complexity0.80_0006_TransposeEnv,11,0.8,6,54,17,0.3148148148148148,6,TransposeEnv
529,grid_size11_complexity0.80_0007_RotateEnv,11,0.8,7,54,17,0.3148148148148148,6,RotateEnv
530,grid_size11_complexity0.80_0007_StartGoalSwap,11,0.8,7,54,17,0.3148148148148148,6,StartGoalSwap
531,grid_size11_complexity0.80_0008_ReflectEnv,11,0.8,8,54,10,0.1851851851851851,7,ReflectEnv
532,grid_size11_complexity0.80_0008_RotateEnv,11,0.8,8,54,7,0.1296296296296296,7,RotateEnv
533,grid_size11_complexity0.80_0008_StartGoalSwap,11,0.8,8,54,12,0.2222222222222222,7,StartGoalSwap
534,grid_size11_complexity0.80_0008_TransposeEnv,11,0.8,8,54,13,0.2407407407407407,7,TransposeEnv
535,grid_size11_complexity0.80_0009_ReflectEnv,11,0.8,9,54,10,0.1851851851851851,7,ReflectEnv
536,grid_size11_complexity0.80_0009_RotateEnv,11,0.8,9,54,11,0.2037037037037037,7,RotateEnv
537,grid_size11_complexity0.80_0009_StartGoalSwap,11,0.8,9,54,6,0.1111111111111111,7,StartGoalSwap
538,grid_size11_complexity0.80_0009_TransposeEnv,11,0.8,9,54,8,0.1481481481481481,7,TransposeEnv
539,grid_size11_complexity1.00_0000_ReflectEnv,11,1.0,0,48,17,0.3541666666666667,0,ReflectEnv
540,grid_size11_complexity1.00_0000_RotateEnv,11,1.0,0,48,19,0.3958333333333333,0,RotateEnv
541,grid_size11_complexity1.00_0000_TransposeEnv,11,1.0,0,48,8,0.1666666666666666,0,TransposeEnv
542,grid_size11_complexity1.00_0001_ReflectEnv,11,1.0,1,48,9,0.1875,0,ReflectEnv
543,grid_size11_complexity1.00_0001_RotateEnv,11,1.0,1,48,10,0.2083333333333333,0,RotateEnv
544,grid_size11_complexity1.00_0001_StartGoalSwap,11,1.0,1,48,13,0.2708333333333333,0,StartGoalSwap
545,grid_size11_complexity1.00_0002_StartGoalSwap,11,1.0,2,48,9,0.1875,0,StartGoalSwap
546,grid_size11_complexity1.00_0002_TransposeEnv,11,1.0,2,48,15,0.3125,0,TransposeEnv
547,grid_size11_complexity1.00_0003_RotateEnv,11,1.0,3,48,14,0.2916666666666667,0,RotateEnv
548,grid_size11_complexity1.00_0003_StartGoalSwap,11,1.0,3,48,14,0.2916666666666667,0,StartGoalSwap
549,grid_size11_complexity1.00_0003_TransposeEnv,11,1.0,3,48,18,0.375,0,TransposeEnv
550,grid_size11_complexity1.00_0004_ReflectEnv,11,1.0,4,48,12,0.25,0,ReflectEnv
551,grid_size11_complexity1.00_0004_RotateEnv,11,1.0,4,48,16,0.3333333333333333,0,RotateEnv
552,grid_size11_complexity1.00_0004_StartGoalSwap,11,1.0,4,48,11,0.2291666666666666,0,StartGoalSwap
553,grid_size11_complexity1.00_0004_TransposeEnv,11,1.0,4,48,17,0.3541666666666667,0,TransposeEnv
554,grid_size11_complexity1.00_0005_ReflectEnv,11,1.0,5,48,14,0.2916666666666667,0,ReflectEnv
555,grid_size11_complexity1.00_0005_RotateEnv,11,1.0,5,48,9,0.1875,0,RotateEnv
556,grid_size11_complexity1.00_0005_TransposeEnv,11,1.0,5,48,18,0.375,0,TransposeEnv
557,grid_size11_complexity1.00_0006_StartGoalSwap,11,1.0,6,48,15,0.3125,0,StartGoalSwap
558,grid_size11_complexity1.00_0007_RotateEnv,11,1.0,7,48,14,0.2916666666666667,0,RotateEnv
559,grid_size11_complexity1.00_0007_StartGoalSwap,11,1.0,7,48,14,0.2916666666666667,0,StartGoalSwap
560,grid_size11_complexity1.00_0008_ReflectEnv,11,1.0,8,48,21,0.4375,0,ReflectEnv
561,grid_size11_complexity1.00_0008_RotateEnv,11,1.0,8,48,12,0.25,0,RotateEnv
562,grid_size11_complexity1.00_0008_StartGoalSwap,11,1.0,8,48,15,0.3125,0,StartGoalSwap
563,grid_size11_complexity1.00_0008_TransposeEnv,11,1.0,8,48,20,0.4166666666666667,0,TransposeEnv
564,grid_size11_complexity1.00_0009_ReflectEnv,11,1.0,9,48,10,0.2083333333333333,0,ReflectEnv
565,grid_size11_complexity1.00_0009_StartGoalSwap,11,1.0,9,48,14,0.2916666666666667,0,StartGoalSwap
566,grid_size11_complexity1.00_0009_TransposeEnv,11,1.0,9,48,17,0.3541666666666667,0,TransposeEnv
567,grid_size13_complexity0.00_0000_RotateEnv,13,0.0,0,120,0,0.0,100,RotateEnv
568,grid_size13_complexity0.00_0000_StartGoalSwap,13,0.0,0,120,1,0.0083333333333333,100,StartGoalSwap
569,grid_size13_complexity0.00_0000_TransposeEnv,13,0.0,0,120,0,0.0,100,TransposeEnv
570,grid_size13_complexity0.00_0001_RotateEnv,13,0.0,1,120,0,0.0,100,RotateEnv
571,grid_size13_complexity0.00_0001_StartGoalSwap,13,0.0,1,120,0,0.0,100,StartGoalSwap
572,grid_size13_complexity0.00_0002_ReflectEnv,13,0.0,2,120,1,0.0083333333333333,100,ReflectEnv
573,grid_size13_complexity0.00_0002_StartGoalSwap,13,0.0,2,120,0,0.0,100,StartGoalSwap
574,grid_size13_complexity0.00_0002_TransposeEnv,13,0.0,2,120,2,0.0166666666666666,100,TransposeEnv
575,grid_size13_complexity0.00_0003_ReflectEnv,13,0.0,3,120,1,0.0083333333333333,100,ReflectEnv
576,grid_size13_complexity0.00_0003_RotateEnv,13,0.0,3,120,0,0.0,100,RotateEnv
577,grid_size13_complexity0.00_0003_TransposeEnv,13,0.0,3,120,1,0.0083333333333333,100,TransposeEnv
578,grid_size13_complexity0.00_0004_RotateEnv,13,0.0,4,120,0,0.0,100,RotateEnv
579,grid_size13_complexity0.00_0004_StartGoalSwap,13,0.0,4,120,0,0.0,100,StartGoalSwap
580,grid_size13_complexity0.00_0004_TransposeEnv,13,0.0,4,120,0,0.0,100,TransposeEnv
581,grid_size13_complexity0.00_0005_StartGoalSwap,13,0.0,5,120,0,0.0,100,StartGoalSwap
582,grid_size13_complexity0.00_0005_TransposeEnv,13,0.0,5,120,0,0.0,100,TransposeEnv
583,grid_size13_complexity0.00_0006_ReflectEnv,13,0.0,6,120,1,0.0083333333333333,100,ReflectEnv
584,grid_size13_complexity0.00_0007_ReflectEnv,13,0.0,7,120,1,0.0083333333333333,100,ReflectEnv
585,grid_size13_complexity0.00_0007_RotateEnv,13,0.0,7,120,0,0.0,100,RotateEnv
586,grid_size13_complexity0.00_0007_StartGoalSwap,13,0.0,7,120,0,0.0,100,StartGoalSwap
587,grid_size13_complexity0.00_0007_TransposeEnv,13,0.0,7,120,0,0.0,100,TransposeEnv
588,grid_size13_complexity0.00_0008_ReflectEnv,13,0.0,8,120,0,0.0,100,ReflectEnv
589,grid_size13_complexity0.00_0008_RotateEnv,13,0.0,8,120,3,0.025,100,RotateEnv
590,grid_size13_complexity0.00_0008_StartGoalSwap,13,0.0,8,120,0,0.0,100,StartGoalSwap
591,grid_size13_complexity0.00_0008_TransposeEnv,13,0.0,8,120,0,0.0,100,TransposeEnv
592,grid_size13_complexity0.00_0009_TransposeEnv,13,0.0,9,120,0,0.0,100,TransposeEnv
593,grid_size13_complexity0.20_0000_ReflectEnv,13,0.2,0,110,9,0.0818181818181818,64,ReflectEnv
594,grid_size13_complexity0.20_0000_RotateEnv,13,0.2,0,110,5,0.0454545454545454,64,RotateEnv
595,grid_size13_complexity0.20_0000_StartGoalSwap,13,0.2,0,110,9,0.0818181818181818,73,StartGoalSwap
596,grid_size13_complexity0.20_0000_TransposeEnv,13,0.2,0,110,22,0.2,64,TransposeEnv
597,grid_size13_complexity0.20_0001_ReflectEnv,13,0.2,1,110,8,0.0727272727272727,73,ReflectEnv
598,grid_size13_complexity0.20_0001_RotateEnv,13,0.2,1,110,10,0.0909090909090909,73,RotateEnv
599,grid_size13_complexity0.20_0001_StartGoalSwap,13,0.2,1,110,22,0.2,67,StartGoalSwap
600,grid_size13_complexity0.20_0001_TransposeEnv,13,0.2,1,110,8,0.0727272727272727,73,TransposeEnv
601,grid_size13_complexity0.20_0002_RotateEnv,13,0.2,2,110,12,0.109090909090909,72,RotateEnv
602,grid_size13_complexity0.20_0002_StartGoalSwap,13,0.2,2,110,11,0.1,72,StartGoalSwap
603,grid_size13_complexity0.20_0003_ReflectEnv,13,0.2,3,110,12,0.109090909090909,71,ReflectEnv
604,grid_size13_complexity0.20_0004_ReflectEnv,13,0.2,4,110,8,0.0727272727272727,71,ReflectEnv
605,grid_size13_complexity0.20_0004_StartGoalSwap,13,0.2,4,110,14,0.1272727272727272,72,StartGoalSwap
606,grid_size13_complexity0.20_0005_ReflectEnv,13,0.2,5,110,10,0.0909090909090909,74,ReflectEnv
607,grid_size13_complexity0.20_0005_RotateEnv,13,0.2,5,110,12,0.109090909090909,74,RotateEnv
608,grid_size13_complexity0.20_0005_StartGoalSwap,13,0.2,5,110,12,0.109090909090909,74,StartGoalSwap
609,grid_size13_complexity0.20_0005_TransposeEnv,13,0.2,5,110,9,0.0818181818181818,74,TransposeEnv
610,grid_size13_complexity0.20_0006_RotateEnv,13,0.2,6,110,11,0.1,68,RotateEnv
611,grid_size13_complexity0.20_0006_TransposeEnv,13,0.2,6,110,17,0.1545454545454545,68,TransposeEnv
612,grid_size13_complexity0.20_0007_ReflectEnv,13,0.2,7,110,23,0.209090909090909,74,ReflectEnv
613,grid_size13_complexity0.20_0007_StartGoalSwap,13,0.2,7,110,8,0.0727272727272727,73,StartGoalSwap
614,grid_size13_complexity0.20_0007_TransposeEnv,13,0.2,7,110,9,0.0818181818181818,74,TransposeEnv
615,grid_size13_complexity0.20_0008_ReflectEnv,13,0.2,8,110,11,0.1,70,ReflectEnv
616,grid_size13_complexity0.20_0009_ReflectEnv,13,0.2,9,110,7,0.0636363636363636,68,ReflectEnv
617,grid_size13_complexity0.20_0009_RotateEnv,13,0.2,9,110,17,0.1545454545454545,68,RotateEnv
618,grid_size13_complexity0.20_0009_TransposeEnv,13,0.2,9,110,25,0.2272727272727272,68,TransposeEnv
619,grid_size13_complexity0.40_0000_ReflectEnv,13,0.4,0,100,14,0.14,50,ReflectEnv
620,grid_size13_complexity0.40_0001_ReflectEnv,13,0.4,1,100,23,0.23,48,ReflectEnv
621,grid_size13_complexity0.40_0001_RotateEnv,13,0.4,1,100,16,0.16,48,RotateEnv
622,grid_size13_complexity0.40_0001_StartGoalSwap,13,0.4,1,100,16,0.16,48,StartGoalSwap
623,grid_size13_complexity0.40_0002_RotateEnv,13,0.4,2,100,10,0.1,52,RotateEnv
624,grid_size13_complexity0.40_0002_StartGoalSwap,13,0.4,2,100,12,0.12,52,StartGoalSwap
625,grid_size13_complexity0.40_0002_TransposeEnv,13,0.4,2,100,10,0.1,52,TransposeEnv
626,grid_size13_complexity0.40_0003_ReflectEnv,13,0.4,3,100,13,0.13,44,ReflectEnv
627,grid_size13_complexity0.40_0003_RotateEnv,13,0.4,3,100,17,0.17,44,RotateEnv
628,grid_size13_complexity0.40_0003_StartGoalSwap,13,0.4,3,100,15,0.15,44,StartGoalSwap
629,grid_size13_complexity0.40_0003_TransposeEnv,13,0.4,3,100,9,0.09,44,TransposeEnv
630,grid_size13_complexity0.40_0004_ReflectEnv,13,0.4,4,100,17,0.17,46,ReflectEnv
631,grid_size13_complexity0.40_0004_StartGoalSwap,13,0.4,4,100,17,0.17,46,StartGoalSwap
632,grid_size13_complexity0.40_0004_TransposeEnv,13,0.4,4,100,15,0.15,46,TransposeEnv
633,grid_size13_complexity0.40_0005_ReflectEnv,13,0.4,5,100,17,0.17,43,ReflectEnv
634,grid_size13_complexity0.40_0005_RotateEnv,13,0.4,5,100,26,0.26,43,RotateEnv
635,grid_size13_complexity0.40_0005_TransposeEnv,13,0.4,5,100,12,0.12,43,TransposeEnv
636,grid_size13_complexity0.40_0006_RotateEnv,13,0.4,6,100,9,0.09,45,RotateEnv
637,grid_size13_complexity0.40_0006_StartGoalSwap,13,0.4,6,100,14,0.14,45,StartGoalSwap
638,grid_size13_complexity0.40_0007_ReflectEnv,13,0.4,7,100,13,0.13,47,ReflectEnv
639,grid_size13_complexity0.40_0007_StartGoalSwap,13,0.4,7,100,12,0.12,47,StartGoalSwap
640,grid_size13_complexity0.40_0007_TransposeEnv,13,0.4,7,100,10,0.1,47,TransposeEnv
641,grid_size13_complexity0.40_0008_ReflectEnv,13,0.4,8,100,12,0.12,41,ReflectEnv
642,grid_size13_complexity0.40_0008_StartGoalSwap,13,0.4,8,100,21,0.21,40,StartGoalSwap
643,grid_size13_complexity0.40_0008_TransposeEnv,13,0.4,8,100,18,0.18,41,TransposeEnv
644,grid_size13_complexity0.40_0009_ReflectEnv,13,0.4,9,100,11,0.11,45,ReflectEnv
645,grid_size13_complexity0.40_0009_RotateEnv,13,0.4,9,100,14,0.14,45,RotateEnv
646,grid_size13_complexity0.40_0009_StartGoalSwap,13,0.4,9,100,26,0.26,46,StartGoalSwap
647,grid_size13_complexity0.40_0009_TransposeEnv,13,0.4,9,100,8,0.08,45,TransposeEnv
648,grid_size13_complexity0.60_0000_RotateEnv,13,0.6,0,90,14,0.1555555555555555,28,RotateEnv
649,grid_size13_complexity0.60_0000_TransposeEnv,13,0.6,0,90,19,0.2111111111111111,28,TransposeEnv
650,grid_size13_complexity0.60_0001_StartGoalSwap,13,0.6,1,90,20,0.2222222222222222,27,StartGoalSwap
651,grid_size13_complexity0.60_0001_TransposeEnv,13,0.6,1,90,17,0.1888888888888888,29,TransposeEnv
652,grid_size13_complexity0.60_0002_ReflectEnv,13,0.6,2,90,12,0.1333333333333333,31,ReflectEnv
653,grid_size13_complexity0.60_0002_RotateEnv,13,0.6,2,90,10,0.1111111111111111,31,RotateEnv
654,grid_size13_complexity0.60_0002_StartGoalSwap,13,0.6,2,90,18,0.2,30,StartGoalSwap
655,grid_size13_complexity0.60_0002_TransposeEnv,13,0.6,2,90,22,0.2444444444444444,31,TransposeEnv
656,grid_size13_complexity0.60_0003_ReflectEnv,13,0.6,3,90,19,0.2111111111111111,31,ReflectEnv
657,grid_size13_complexity0.60_0003_RotateEnv,13,0.6,3,90,18,0.2,31,RotateEnv
658,grid_size13_complexity0.60_0003_StartGoalSwap,13,0.6,3,90,15,0.1666666666666666,30,StartGoalSwap
659,grid_size13_complexity0.60_0004_RotateEnv,13,0.6,4,90,17,0.1888888888888888,29,RotateEnv
660,grid_size13_complexity0.60_0005_TransposeEnv,13,0.6,5,90,10,0.1111111111111111,27,TransposeEnv
661,grid_size13_complexity0.60_0006_RotateEnv,13,0.6,6,90,25,0.2777777777777778,29,RotateEnv
662,grid_size13_complexity0.60_0006_StartGoalSwap,13,0.6,6,90,28,0.3111111111111111,28,StartGoalSwap
663,grid_size13_complexity0.60_0006_TransposeEnv,13,0.6,6,90,28,0.3111111111111111,29,TransposeEnv
664,grid_size13_complexity0.60_0007_ReflectEnv,13,0.6,7,90,19,0.2111111111111111,27,ReflectEnv
665,grid_size13_complexity0.60_0007_RotateEnv,13,0.6,7,90,8,0.0888888888888888,27,RotateEnv
666,grid_size13_complexity0.60_0007_TransposeEnv,13,0.6,7,90,9,0.1,27,TransposeEnv
667,grid_size13_complexity0.60_0008_ReflectEnv,13,0.6,8,90,20,0.2222222222222222,29,ReflectEnv
668,grid_size13_complexity0.60_0008_RotateEnv,13,0.6,8,90,24,0.2666666666666666,29,RotateEnv
669,grid_size13_complexity0.60_0008_StartGoalSwap,13,0.6,8,90,21,0.2333333333333333,27,StartGoalSwap
670,grid_size13_complexity0.60_0009_StartGoalSwap,13,0.6,9,90,29,0.3222222222222222,27,StartGoalSwap
671,grid_size13_complexity0.60_0009_TransposeEnv,13,0.6,9,90,29,0.3222222222222222,27,TransposeEnv
672,grid_size13_complexity0.80_0000_ReflectEnv,13,0.8,0,79,14,0.1772151898734177,13,ReflectEnv
673,grid_size13_complexity0.80_0000_RotateEnv,13,0.8,0,79,23,0.2911392405063291,13,RotateEnv
674,grid_size13_complexity0.80_0000_StartGoalSwap,13,0.8,0,79,38,0.4810126582278481,13,StartGoalSwap
675,grid_size13_complexity0.80_0000_TransposeEnv,13,0.8,0,79,24,0.3037974683544304,13,TransposeEnv
676,grid_size13_complexity0.80_0001_ReflectEnv,13,0.8,1,79,26,0.3291139240506329,9,ReflectEnv
677,grid_size13_complexity0.80_0001_RotateEnv,13,0.8,1,79,27,0.3417721518987341,9,RotateEnv
678,grid_size13_complexity0.80_0002_StartGoalSwap,13,0.8,2,79,14,0.1772151898734177,11,StartGoalSwap
679,grid_size13_complexity0.80_0002_TransposeEnv,13,0.8,2,79,13,0.1645569620253164,11,TransposeEnv
680,grid_size13_complexity0.80_0003_ReflectEnv,13,0.8,3,79,31,0.3924050632911392,12,ReflectEnv
681,grid_size13_complexity0.80_0003_RotateEnv,13,0.8,3,79,30,0.379746835443038,12,RotateEnv
682,grid_size13_complexity0.80_0003_TransposeEnv,13,0.8,3,79,25,0.3164556962025316,12,TransposeEnv
683,grid_size13_complexity0.80_0004_ReflectEnv,13,0.8,4,79,11,0.1392405063291139,11,ReflectEnv
684,grid_size13_complexity0.80_0004_RotateEnv,13,0.8,4,79,19,0.240506329113924,11,RotateEnv
685,grid_size13_complexity0.80_0005_ReflectEnv,13,0.8,5,79,21,0.2658227848101265,11,ReflectEnv
686,grid_size13_complexity0.80_0005_RotateEnv,13,0.8,5,79,30,0.379746835443038,11,RotateEnv
687,grid_size13_complexity0.80_0005_StartGoalSwap,13,0.8,5,79,22,0.2784810126582278,11,StartGoalSwap
688,grid_size13_complexity0.80_0005_TransposeEnv,13,0.8,5,79,20,0.2531645569620253,11,TransposeEnv
689,grid_size13_complexity0.80_0006_StartGoalSwap,13,0.8,6,79,21,0.2658227848101265,11,StartGoalSwap
690,grid_size13_complexity0.80_0007_ReflectEnv,13,0.8,7,79,18,0.2278481012658227,13,ReflectEnv
691,grid_size13_complexity0.80_0007_RotateEnv,13,0.8,7,79,25,0.3164556962025316,13,RotateEnv
692,grid_size13_complexity0.80_0007_StartGoalSwap,13,0.8,7,79,14,0.1772151898734177,13,StartGoalSwap
693,grid_size13_complexity0.80_0007_TransposeEnv,13,0.8,7,79,19,0.240506329113924,13,TransposeEnv
694,grid_size13_complexity0.80_0008_ReflectEnv,13,0.8,8,79,19,0.240506329113924,14,ReflectEnv
695,grid_size13_complexity0.80_0008_RotateEnv,13,0.8,8,79,31,0.3924050632911392,14,RotateEnv
696,grid_size13_complexity0.80_0008_StartGoalSwap,13,0.8,8,79,39,0.4936708860759494,14,StartGoalSwap
697,grid_size13_complexity0.80_0008_TransposeEnv,13,0.8,8,79,17,0.2151898734177215,14,TransposeEnv
698,grid_size13_complexity0.80_0009_ReflectEnv,13,0.8,9,79,34,0.430379746835443,10,ReflectEnv
699,grid_size13_complexity0.80_0009_StartGoalSwap,13,0.8,9,79,24,0.3037974683544304,10,StartGoalSwap
700,grid_size13_complexity0.80_0009_TransposeEnv,13,0.8,9,79,17,0.2151898734177215,10,TransposeEnv
701,grid_size13_complexity1.00_0000_ReflectEnv,13,1.0,0,70,17,0.2428571428571428,0,ReflectEnv
702,grid_size13_complexity1.00_0000_StartGoalSwap,13,1.0,0,70,21,0.3,0,StartGoalSwap
703,grid_size13_complexity1.00_0001_ReflectEnv,13,1.0,1,70,26,0.3714285714285714,0,ReflectEnv
704,grid_size13_complexity1.00_0001_RotateEnv,13,1.0,1,70,16,0.2285714285714285,0,RotateEnv
705,grid_size13_complexity1.00_0001_TransposeEnv,13,1.0,1,70,25,0.3571428571428571,0,TransposeEnv
706,grid_size13_complexity1.00_0002_RotateEnv,13,1.0,2,70,22,0.3142857142857143,0,RotateEnv
707,grid_size13_complexity1.00_0002_StartGoalSwap,13,1.0,2,70,28,0.4,0,StartGoalSwap
708,grid_size13_complexity1.00_0002_TransposeEnv,13,1.0,2,70,33,0.4714285714285714,0,TransposeEnv
709,grid_size13_complexity1.00_0003_RotateEnv,13,1.0,3,70,25,0.3571428571428571,0,RotateEnv
710,grid_size13_complexity1.00_0003_StartGoalSwap,13,1.0,3,70,26,0.3714285714285714,0,StartGoalSwap
711,grid_size13_complexity1.00_0003_TransposeEnv,13,1.0,3,70,32,0.4571428571428571,0,TransposeEnv
712,grid_size13_complexity1.00_0004_ReflectEnv,13,1.0,4,70,23,0.3285714285714285,0,ReflectEnv
713,grid_size13_complexity1.00_0004_TransposeEnv,13,1.0,4,70,28,0.4,0,TransposeEnv
714,grid_size13_complexity1.00_0005_ReflectEnv,13,1.0,5,70,32,0.4571428571428571,0,ReflectEnv
715,grid_size13_complexity1.00_0005_RotateEnv,13,1.0,5,70,20,0.2857142857142857,0,RotateEnv
716,grid_size13_complexity1.00_0005_StartGoalSwap,13,1.0,5,70,30,0.4285714285714285,0,StartGoalSwap
717,grid_size13_complexity1.00_0005_TransposeEnv,13,1.0,5,70,30,0.4285714285714285,0,TransposeEnv
718,grid_size13_complexity1.00_0006_RotateEnv,13,1.0,6,70,19,0.2714285714285714,0,RotateEnv
719,grid_size13_complexity1.00_0006_StartGoalSwap,13,1.0,6,70,31,0.4428571428571428,0,StartGoalSwap
720,grid_size13_complexity1.00_0007_RotateEnv,13,1.0,7,70,28,0.4,0,RotateEnv
721,grid_size13_complexity1.00_0007_StartGoalSwap,13,1.0,7,70,24,0.3428571428571428,0,StartGoalSwap
722,grid_size13_complexity1.00_0008_ReflectEnv,13,1.0,8,70,27,0.3857142857142857,0,ReflectEnv
723,grid_size13_complexity1.00_0008_RotateEnv,13,1.0,8,70,29,0.4142857142857143,0,RotateEnv
724,grid_size13_complexity1.00_0008_StartGoalSwap,13,1.0,8,70,29,0.4142857142857143,0,StartGoalSwap
725,grid_size13_complexity1.00_0008_TransposeEnv,13,1.0,8,70,32,0.4571428571428571,0,TransposeEnv
726,grid_size13_complexity1.00_0009_ReflectEnv,13,1.0,9,70,20,0.2857142857142857,0,ReflectEnv
727,grid_size13_complexity1.00_0009_RotateEnv,13,1.0,9,70,24,0.3428571428571428,0,RotateEnv
728,grid_size13_complexity1.00_0009_StartGoalSwap,13,1.0,9,70,22,0.3142857142857143,0,StartGoalSwap
729,grid_size13_complexity1.00_0009_TransposeEnv,13,1.0,9,70,24,0.3428571428571428,0,TransposeEnv
730,grid_size15_complexity0.00_0000_ReflectEnv,15,0.0,0,168,0,0.0,144,ReflectEnv
731,grid_size15_complexity0.00_0000_RotateEnv,15,0.0,0,168,0,0.0,144,RotateEnv
732,grid_size15_complexity0.00_0000_StartGoalSwap,15,0.0,0,168,0,0.0,144,StartGoalSwap
733,grid_size15_complexity0.00_0000_TransposeEnv,15,0.0,0,168,0,0.0,144,TransposeEnv
734,grid_size15_complexity0.00_0001_ReflectEnv,15,0.0,1,168,0,0.0,144,ReflectEnv
735,grid_size15_complexity0.00_0001_StartGoalSwap,15,0.0,1,168,1,0.0059523809523809,144,StartGoalSwap
736,grid_size15_complexity0.00_0001_TransposeEnv,15,0.0,1,168,0,0.0,144,TransposeEnv
737,grid_size15_complexity0.00_0002_RotateEnv,15,0.0,2,168,0,0.0,144,RotateEnv
738,grid_size15_complexity0.00_0003_ReflectEnv,15,0.0,3,168,1,0.0059523809523809,144,ReflectEnv
739,grid_size15_complexity0.00_0003_RotateEnv,15,0.0,3,168,0,0.0,144,RotateEnv
740,grid_size15_complexity0.00_0003_StartGoalSwap,15,0.0,3,168,0,0.0,144,StartGoalSwap
741,grid_size15_complexity0.00_0003_TransposeEnv,15,0.0,3,168,1,0.0059523809523809,144,TransposeEnv
742,grid_size15_complexity0.00_0004_ReflectEnv,15,0.0,4,168,0,0.0,144,ReflectEnv
743,grid_size15_complexity0.00_0004_RotateEnv,15,0.0,4,168,0,0.0,144,RotateEnv
744,grid_size15_complexity0.00_0004_StartGoalSwap,15,0.0,4,168,0,0.0,144,StartGoalSwap
745,grid_size15_complexity0.00_0004_TransposeEnv,15,0.0,4,168,0,0.0,144,TransposeEnv
746,grid_size15_complexity0.00_0005_ReflectEnv,15,0.0,5,168,0,0.0,144,ReflectEnv
747,grid_size15_complexity0.00_0005_StartGoalSwap,15,0.0,5,168,2,0.0119047619047619,144,StartGoalSwap
748,grid_size15_complexity0.00_0006_RotateEnv,15,0.0,6,168,0,0.0,144,RotateEnv
749,grid_size15_complexity0.00_0006_TransposeEnv,15,0.0,6,168,0,0.0,144,TransposeEnv
750,grid_size15_complexity0.00_0007_ReflectEnv,15,0.0,7,168,1,0.0059523809523809,144,ReflectEnv
751,grid_size15_complexity0.00_0007_RotateEnv,15,0.0,7,168,0,0.0,144,RotateEnv
752,grid_size15_complexity0.00_0007_TransposeEnv,15,0.0,7,168,2,0.0119047619047619,144,TransposeEnv
753,grid_size15_complexity0.00_0008_ReflectEnv,15,0.0,8,168,0,0.0,144,ReflectEnv
754,grid_size15_complexity0.00_0008_RotateEnv,15,0.0,8,168,0,0.0,144,RotateEnv
755,grid_size15_complexity0.00_0008_TransposeEnv,15,0.0,8,168,0,0.0,144,TransposeEnv
756,grid_size15_complexity0.00_0009_ReflectEnv,15,0.0,9,168,0,0.0,144,ReflectEnv
757,grid_size15_complexity0.00_0009_StartGoalSwap,15,0.0,9,168,0,0.0,144,StartGoalSwap
758,grid_size15_complexity0.20_0000_ReflectEnv,15,0.2,0,153,10,0.065359477124183,104,ReflectEnv
759,grid_size15_complexity0.20_0000_StartGoalSwap,15,0.2,0,153,20,0.130718954248366,104,StartGoalSwap
760,grid_size15_complexity0.20_0001_RotateEnv,15,0.2,1,153,17,0.1111111111111111,96,RotateEnv
761,grid_size15_complexity0.20_0001_StartGoalSwap,15,0.2,1,153,13,0.0849673202614379,101,StartGoalSwap
762,grid_size15_complexity0.20_0002_ReflectEnv,15,0.2,2,153,17,0.1111111111111111,99,ReflectEnv
763,grid_size15_complexity0.20_0002_RotateEnv,15,0.2,2,153,26,0.1699346405228758,99,RotateEnv
764,grid_size15_complexity0.20_0002_TransposeEnv,15,0.2,2,153,20,0.130718954248366,99,TransposeEnv
765,grid_size15_complexity0.20_0003_ReflectEnv,15,0.2,3,153,18,0.1176470588235294,104,ReflectEnv
766,grid_size15_complexity0.20_0003_RotateEnv,15,0.2,3,153,7,0.0457516339869281,104,RotateEnv
767,grid_size15_complexity0.20_0003_StartGoalSwap,15,0.2,3,153,31,0.2026143790849673,100,StartGoalSwap
768,grid_size15_complexity0.20_0003_TransposeEnv,15,0.2,3,153,10,0.065359477124183,104,TransposeEnv
769,grid_size15_complexity0.20_0004_ReflectEnv,15,0.2,4,153,12,0.0784313725490196,99,ReflectEnv
770,grid_size15_complexity0.20_0004_StartGoalSwap,15,0.2,4,153,17,0.1111111111111111,96,StartGoalSwap
771,grid_size15_complexity0.20_0004_TransposeEnv,15,0.2,4,153,17,0.1111111111111111,99,TransposeEnv
772,grid_size15_complexity0.20_0005_RotateEnv,15,0.2,5,153,6,0.0392156862745098,101,RotateEnv
773,grid_size15_complexity0.20_0005_StartGoalSwap,15,0.2,5,153,17,0.1111111111111111,98,StartGoalSwap
774,grid_size15_complexity0.20_0005_TransposeEnv,15,0.2,5,153,24,0.1568627450980392,101,TransposeEnv
775,grid_size15_complexity0.20_0006_ReflectEnv,15,0.2,6,153,21,0.1372549019607843,100,ReflectEnv
776,grid_size15_complexity0.20_0006_RotateEnv,15,0.2,6,153,25,0.1633986928104575,100,RotateEnv
777,grid_size15_complexity0.20_0006_StartGoalSwap,15,0.2,6,153,12,0.0784313725490196,102,StartGoalSwap
778,grid_size15_complexity0.20_0006_TransposeEnv,15,0.2,6,153,8,0.0522875816993464,100,TransposeEnv
779,grid_size15_complexity0.20_0007_ReflectEnv,15,0.2,7,153,18,0.1176470588235294,97,ReflectEnv
780,grid_size15_complexity0.20_0007_RotateEnv,15,0.2,7,153,17,0.1111111111111111,97,RotateEnv
781,grid_size15_complexity0.20_0008_ReflectEnv,15,0.2,8,153,16,0.1045751633986928,98,ReflectEnv
782,grid_size15_complexity0.20_0008_TransposeEnv,15,0.2,8,153,10,0.065359477124183,98,TransposeEnv
783,grid_size15_complexity0.20_0009_RotateEnv,15,0.2,9,153,19,0.1241830065359477,91,RotateEnv
784,grid_size15_complexity0.20_0009_StartGoalSwap,15,0.2,9,153,13,0.0849673202614379,99,StartGoalSwap
785,grid_size15_complexity0.20_0009_TransposeEnv,15,0.2,9,153,15,0.0980392156862745,91,TransposeEnv
786,grid_size15_complexity0.40_0000_ReflectEnv,15,0.4,0,139,25,0.1798561151079136,67,ReflectEnv
787,grid_size15_complexity0.40_0000_RotateEnv,15,0.4,0,139,19,0.1366906474820144,67,RotateEnv
788,grid_size15_complexity0.40_0000_StartGoalSwap,15,0.4,0,139,22,0.158273381294964,69,StartGoalSwap
789,grid_size15_complexity0.40_0000_TransposeEnv,15,0.4,0,139,34,0.2446043165467626,67,TransposeEnv
790,grid_size15_complexity0.40_0001_RotateEnv,15,0.4,1,139,26,0.1870503597122302,66,RotateEnv
791,grid_size15_complexity0.40_0001_TransposeEnv,15,0.4,1,139,27,0.1942446043165467,66,TransposeEnv
792,grid_size15_complexity0.40_0002_ReflectEnv,15,0.4,2,139,19,0.1366906474820144,64,ReflectEnv
793,grid_size15_complexity0.40_0002_RotateEnv,15,0.4,2,139,32,0.2302158273381295,64,RotateEnv
794,grid_size15_complexity0.40_0002_StartGoalSwap,15,0.4,2,139,23,0.1654676258992805,65,StartGoalSwap
795,grid_size15_complexity0.40_0003_ReflectEnv,15,0.4,3,139,20,0.1438848920863309,58,ReflectEnv
796,grid_size15_complexity0.40_0003_StartGoalSwap,15,0.4,3,139,29,0.2086330935251798,62,StartGoalSwap
797,grid_size15_complexity0.40_0004_ReflectEnv,15,0.4,4,139,27,0.1942446043165467,69,ReflectEnv
798,grid_size15_complexity0.40_0004_TransposeEnv,15,0.4,4,139,19,0.1366906474820144,69,TransposeEnv
799,grid_size15_complexity0.40_0005_RotateEnv,15,0.4,5,139,18,0.1294964028776978,70,RotateEnv
800,grid_size15_complexity0.40_0005_StartGoalSwap,15,0.4,5,139,35,0.2517985611510791,67,StartGoalSwap
801,grid_size15_complexity0.40_0006_ReflectEnv,15,0.4,6,139,46,0.3309352517985611,74,ReflectEnv
802,grid_size15_complexity0.40_0006_RotateEnv,15,0.4,6,139,34,0.2446043165467626,74,RotateEnv
803,grid_size15_complexity0.40_0006_StartGoalSwap,15,0.4,6,139,38,0.2733812949640288,71,StartGoalSwap
804,grid_size15_complexity0.40_0006_TransposeEnv,15,0.4,6,139,34,0.2446043165467626,74,TransposeEnv
805,grid_size15_complexity0.40_0007_ReflectEnv,15,0.4,7,139,34,0.2446043165467626,62,ReflectEnv
806,grid_size15_complexity0.40_0007_StartGoalSwap,15,0.4,7,139,38,0.2733812949640288,62,StartGoalSwap
807,grid_size15_complexity0.40_0007_TransposeEnv,15,0.4,7,139,35,0.2517985611510791,62,TransposeEnv
808,grid_size15_complexity0.40_0008_ReflectEnv,15,0.4,8,139,19,0.1366906474820144,69,ReflectEnv
809,grid_size15_complexity0.40_0008_StartGoalSwap,15,0.4,8,139,20,0.1438848920863309,69,StartGoalSwap
810,grid_size15_complexity0.40_0008_TransposeEnv,15,0.4,8,139,11,0.079136690647482,69,TransposeEnv
811,grid_size15_complexity0.40_0009_RotateEnv,15,0.4,9,139,24,0.1726618705035971,64,RotateEnv
812,grid_size15_complexity0.40_0009_StartGoalSwap,15,0.4,9,139,27,0.1942446043165467,66,StartGoalSwap
813,grid_size15_complexity0.60_0000_ReflectEnv,15,0.6,0,124,26,0.2096774193548387,38,ReflectEnv
814,grid_size15_complexity0.60_0000_RotateEnv,15,0.6,0,124,40,0.3225806451612903,38,RotateEnv
815,grid_size15_complexity0.60_0000_StartGoalSwap,15,0.6,0,124,35,0.282258064516129,39,StartGoalSwap
816,grid_size15_complexity0.60_0001_ReflectEnv,15,0.6,1,124,32,0.2580645161290322,40,ReflectEnv
817,grid_size15_complexity0.60_0001_RotateEnv,15,0.6,1,124,28,0.2258064516129032,40,RotateEnv
818,grid_size15_complexity0.60_0001_TransposeEnv,15,0.6,1,124,26,0.2096774193548387,40,TransposeEnv
819,grid_size15_complexity0.60_0002_StartGoalSwap,15,0.6,2,124,30,0.2419354838709677,38,StartGoalSwap
820,grid_size15_complexity0.60_0002_TransposeEnv,15,0.6,2,124,22,0.1774193548387097,39,TransposeEnv
821,grid_size15_complexity0.60_0003_ReflectEnv,15,0.6,3,124,24,0.1935483870967742,36,ReflectEnv
822,grid_size15_complexity0.60_0003_RotateEnv,15,0.6,3,124,26,0.2096774193548387,36,RotateEnv
823,grid_size15_complexity0.60_0003_StartGoalSwap,15,0.6,3,124,29,0.2338709677419354,34,StartGoalSwap
824,grid_size15_complexity0.60_0003_TransposeEnv,15,0.6,3,124,36,0.2903225806451613,36,TransposeEnv
825,grid_size15_complexity0.60_0004_ReflectEnv,15,0.6,4,124,44,0.3548387096774194,43,ReflectEnv
826,grid_size15_complexity0.60_0004_RotateEnv,15,0.6,4,124,43,0.3467741935483871,43,RotateEnv
827,grid_size15_complexity0.60_0004_TransposeEnv,15,0.6,4,124,27,0.2177419354838709,43,TransposeEnv
828,grid_size15_complexity0.60_0005_ReflectEnv,15,0.6,5,124,41,0.3306451612903225,37,ReflectEnv
829,grid_size15_complexity0.60_0005_StartGoalSwap,15,0.6,5,124,25,0.2016129032258064,38,StartGoalSwap
830,grid_size15_complexity0.60_0005_TransposeEnv,15,0.6,5,124,27,0.2177419354838709,37,TransposeEnv
831,grid_size15_complexity0.60_0006_StartGoalSwap,15,0.6,6,124,29,0.2338709677419354,38,StartGoalSwap
832,grid_size15_complexity0.60_0006_TransposeEnv,15,0.6,6,124,41,0.3306451612903225,37,TransposeEnv
833,grid_size15_complexity0.60_0007_ReflectEnv,15,0.6,7,124,26,0.2096774193548387,38,ReflectEnv
834,grid_size15_complexity0.60_0007_RotateEnv,15,0.6,7,124,41,0.3306451612903225,38,RotateEnv
835,grid_size15_complexity0.60_0007_StartGoalSwap,15,0.6,7,124,34,0.2741935483870967,42,StartGoalSwap
836,grid_size15_complexity0.60_0008_ReflectEnv,15,0.6,8,124,22,0.1774193548387097,35,ReflectEnv
837,grid_size15_complexity0.60_0008_RotateEnv,15,0.6,8,124,30,0.2419354838709677,35,RotateEnv
838,grid_size15_complexity0.60_0008_StartGoalSwap,15,0.6,8,124,35,0.282258064516129,36,StartGoalSwap
839,grid_size15_complexity0.60_0008_TransposeEnv,15,0.6,8,124,34,0.2741935483870967,35,TransposeEnv
840,grid_size15_complexity0.60_0009_ReflectEnv,15,0.6,9,124,41,0.3306451612903225,37,ReflectEnv
841,grid_size15_complexity0.60_0009_StartGoalSwap,15,0.6,9,124,37,0.2983870967741935,37,StartGoalSwap
842,grid_size11_complexity0.00_0000,11,0.0,0,80,0,0.0,64,baseline
843,grid_size11_complexity0.00_0001,11,0.0,1,80,0,0.0,64,baseline
844,grid_size11_complexity0.00_0002,11,0.0,2,80,1,0.0125,64,baseline
845,grid_size11_complexity0.00_0003,11,0.0,3,80,0,0.0,64,baseline
846,grid_size11_complexity0.00_0004,11,0.0,4,80,0,0.0,64,baseline
847,grid_size11_complexity0.00_0005,11,0.0,5,80,1,0.0125,64,baseline
848,grid_size11_complexity0.00_0006,11,0.0,6,80,0,0.0,64,baseline
849,grid_size11_complexity0.00_0007,11,0.0,7,80,0,0.0,64,baseline
850,grid_size11_complexity0.00_0008,11,0.0,8,80,0,0.0,64,baseline
851,grid_size11_complexity0.00_0009,11,0.0,9,80,1,0.0125,64,baseline
852,grid_size11_complexity0.20_0000,11,0.2,0,73,8,0.1095890410958904,41,baseline
853,grid_size11_complexity0.20_0001,11,0.2,1,73,2,0.0273972602739726,45,baseline
854,grid_size11_complexity0.20_0002,11,0.2,2,73,6,0.0821917808219178,41,baseline
855,grid_size11_complexity0.20_0003,11,0.2,3,73,2,0.0273972602739726,42,baseline
856,grid_size11_complexity0.20_0004,11,0.2,4,73,2,0.0273972602739726,44,baseline
857,grid_size11_complexity0.20_0005,11,0.2,5,73,0,0.0,46,baseline
858,grid_size11_complexity0.20_0006,11,0.2,6,73,3,0.0410958904109589,45,baseline
859,grid_size11_complexity0.20_0007,11,0.2,7,73,6,0.0821917808219178,42,baseline
860,grid_size11_complexity0.20_0008,11,0.2,8,73,6,0.0821917808219178,42,baseline
861,grid_size11_complexity0.20_0009,11,0.2,9,73,4,0.0547945205479452,44,baseline
862,grid_size11_complexity0.40_0000,11,0.4,0,67,10,0.1492537313432835,30,baseline
863,grid_size11_complexity0.40_0001,11,0.4,1,67,7,0.1044776119402985,33,baseline
864,grid_size11_complexity0.40_0002,11,0.4,2,67,6,0.0895522388059701,31,baseline
865,grid_size11_complexity0.40_0003,11,0.4,3,67,15,0.2238805970149253,27,baseline
866,grid_size11_complexity0.40_0004,11,0.4,4,67,12,0.1791044776119403,29,baseline
867,grid_size11_complexity0.40_0005,11,0.4,5,67,12,0.1791044776119403,27,baseline
868,grid_size11_complexity0.40_0006,11,0.4,6,67,11,0.1641791044776119,31,baseline
869,grid_size11_complexity0.40_0007,11,0.4,7,67,3,0.044776119402985,27,baseline
870,grid_size11_complexity0.40_0008,11,0.4,8,67,10,0.1492537313432835,28,baseline
871,grid_size11_complexity0.40_0009,11,0.4,9,67,5,0.0746268656716417,33,baseline
872,grid_size11_complexity0.60_0000,11,0.6,0,60,6,0.1,16,baseline
873,grid_size11_complexity0.60_0001,11,0.6,1,60,6,0.1,16,baseline
874,grid_size11_complexity0.60_0002,11,0.6,2,60,7,0.1166666666666666,18,baseline
875,grid_size11_complexity0.60_0003,11,0.6,3,60,10,0.1666666666666666,16,baseline
876,grid_size11_complexity0.60_0004,11,0.6,4,60,7,0.1166666666666666,13,baseline
877,grid_size11_complexity0.60_0005,11,0.6,5,60,8,0.1333333333333333,18,baseline
878,grid_size11_complexity0.60_0006,11,0.6,6,60,4,0.0666666666666666,22,baseline
879,grid_size11_complexity0.60_0007,11,0.6,7,60,6,0.1,20,baseline
880,grid_size11_complexity0.60_0008,11,0.6,8,60,11,0.1833333333333333,16,baseline
881,grid_size11_complexity0.60_0009,11,0.6,9,60,6,0.1,19,baseline
882,grid_size11_complexity0.80_0000,11,0.8,0,54,7,0.1296296296296296,8,baseline
883,grid_size11_complexity0.80_0001,11,0.8,1,54,22,0.4074074074074074,7,baseline
884,grid_size11_complexity0.80_0002,11,0.8,2,54,22,0.4074074074074074,9,baseline
885,grid_size11_complexity0.80_0003,11,0.8,3,54,12,0.2222222222222222,9,baseline
886,grid_size11_complexity0.80_0004,11,0.8,4,54,17,0.3148148148148148,8,baseline
887,grid_size11_complexity0.80_0005,11,0.8,5,54,13,0.2407407407407407,8,baseline
888,grid_size11_complexity0.80_0006,11,0.8,6,54,22,0.4074074074074074,6,baseline
889,grid_size11_complexity0.80_0007,11,0.8,7,54,9,0.1666666666666666,6,baseline
890,grid_size11_complexity0.80_0008,11,0.8,8,54,12,0.2222222222222222,7,baseline
891,grid_size11_complexity0.80_0009,11,0.8,9,54,9,0.1666666666666666,7,baseline
892,grid_size11_complexity1.00_0000,11,1.0,0,48,18,0.375,0,baseline
893,grid_size11_complexity1.00_0001,11,1.0,1,48,13,0.2708333333333333,0,baseline
894,grid_size11_complexity1.00_0002,11,1.0,2,48,20,0.4166666666666667,0,baseline
895,grid_size11_complexity1.00_0003,11,1.0,3,48,10,0.2083333333333333,0,baseline
896,grid_size11_complexity1.00_0004,11,1.0,4,48,17,0.3541666666666667,0,baseline
897,grid_size11_complexity1.00_0005,11,1.0,5,48,14,0.2916666666666667,0,baseline
898,grid_size11_complexity1.00_0006,11,1.0,6,48,12,0.25,0,baseline
899,grid_size11_complexity1.00_0007,11,1.0,7,48,23,0.4791666666666667,0,baseline
900,grid_size11_complexity1.00_0008,11,1.0,8,48,12,0.25,0,baseline
901,grid_size11_complexity1.00_0009,11,1.0,9,48,16,0.3333333333333333,0,baseline
902,grid_size13_complexity0.00_0000,13,0.0,0,120,0,0.0,100,baseline
903,grid_size13_complexity0.00_0001,13,0.0,1,120,0,0.0,100,baseline
904,grid_size13_complexity0.00_0002,13,0.0,2,120,0,0.0,100,baseline
905,grid_size13_complexity0.00_0003,13,0.0,3,120,1,0.0083333333333333,100,baseline
906,grid_size13_complexity0.00_0004,13,0.0,4,120,3,0.025,100,baseline
907,grid_size13_complexity0.00_0005,13,0.0,5,120,0,0.0,100,baseline
908,grid_size13_complexity0.00_0006,13,0.0,6,120,1,0.0083333333333333,100,baseline
909,grid_size13_complexity0.00_0007,13,0.0,7,120,1,0.0083333333333333,100,baseline
910,grid_size13_complexity0.00_0008,13,0.0,8,120,0,0.0,100,baseline
911,grid_size13_complexity0.00_0009,13,0.0,9,120,0,0.0,100,baseline
912,grid_size13_complexity0.20_0000,13,0.2,0,110,9,0.0818181818181818,64,baseline
913,grid_size13_complexity0.20_0001,13,0.2,1,110,6,0.0545454545454545,73,baseline
914,grid_size13_complexity0.20_0002,13,0.2,2,110,9,0.0818181818181818,72,baseline
915,grid_size13_complexity0.20_0003,13,0.2,3,110,14,0.1272727272727272,71,baseline
916,grid_size13_complexity0.20_0004,13,0.2,4,110,7,0.0636363636363636,71,baseline
917,grid_size13_complexity0.20_0005,13,0.2,5,110,11,0.1,74,baseline
918,grid_size13_complexity0.20_0006,13,0.2,6,110,14,0.1272727272727272,68,baseline
919,grid_size13_complexity0.20_0007,13,0.2,7,110,7,0.0636363636363636,74,baseline
920,grid_size13_complexity0.20_0008,13,0.2,8,110,11,0.1,70,baseline
921,grid_size13_complexity0.20_0009,13,0.2,9,110,12,0.109090909090909,68,baseline
922,grid_size13_complexity0.40_0000,13,0.4,0,100,17,0.17,50,baseline
923,grid_size13_complexity0.40_0001,13,0.4,1,100,11,0.11,48,baseline
924,grid_size13_complexity0.40_0002,13,0.4,2,100,9,0.09,52,baseline
925,grid_size13_complexity0.40_0003,13,0.4,3,100,21,0.21,44,baseline
926,grid_size13_complexity0.40_0004,13,0.4,4,100,16,0.16,46,baseline
927,grid_size13_complexity0.40_0005,13,0.4,5,100,8,0.08,43,baseline
928,grid_size13_complexity0.40_0006,13,0.4,6,100,28,0.28,45,baseline
929,grid_size13_complexity0.40_0007,13,0.4,7,100,8,0.08,47,baseline
930,grid_size13_complexity0.40_0008,13,0.4,8,100,16,0.16,41,baseline
931,grid_size13_complexity0.40_0009,13,0.4,9,100,8,0.08,45,baseline
932,grid_size13_complexity0.60_0000,13,0.6,0,90,26,0.2888888888888888,28,baseline
933,grid_size13_complexity0.60_0001,13,0.6,1,90,14,0.1555555555555555,29,baseline
934,grid_size13_complexity0.60_0002,13,0.6,2,90,18,0.2,31,baseline
935,grid_size13_complexity0.60_0003,13,0.6,3,90,21,0.2333333333333333,31,baseline
936,grid_size13_complexity0.60_0004,13,0.6,4,90,25,0.2777777777777778,29,baseline
937,grid_size13_complexity0.60_0005,13,0.6,5,90,19,0.2111111111111111,27,baseline
938,grid_size13_complexity0.60_0006,13,0.6,6,90,24,0.2666666666666666,29,baseline
939,grid_size13_complexity0.60_0007,13,0.6,7,90,26,0.2888888888888888,27,baseline
940,grid_size13_complexity0.60_0008,13,0.6,8,90,20,0.2222222222222222,29,baseline
941,grid_size13_complexity0.60_0009,13,0.6,9,90,26,0.2888888888888888,27,baseline
942,grid_size13_complexity0.80_0000,13,0.8,0,79,20,0.2531645569620253,13,baseline
943,grid_size13_complexity0.80_0001,13,0.8,1,79,25,0.3164556962025316,9,baseline
944,grid_size13_complexity0.80_0002,13,0.8,2,79,18,0.2278481012658227,11,baseline
945,grid_size13_complexity0.80_0003,13,0.8,3,79,28,0.3544303797468354,12,baseline
946,grid_size13_complexity0.80_0004,13,0.8,4,79,15,0.189873417721519,11,baseline
947,grid_size13_complexity0.80_0005,13,0.8,5,79,20,0.2531645569620253,11,baseline
948,grid_size13_complexity0.80_0006,13,0.8,6,79,22,0.2784810126582278,10,baseline
949,grid_size13_complexity0.80_0007,13,0.8,7,79,17,0.2151898734177215,13,baseline
950,grid_size13_complexity0.80_0008,13,0.8,8,79,21,0.2658227848101265,14,baseline
951,grid_size13_complexity0.80_0009,13,0.8,9,79,24,0.3037974683544304,10,baseline
952,grid_size13_complexity1.00_0000,13,1.0,0,70,24,0.3428571428571428,0,baseline
953,grid_size13_complexity1.00_0001,13,1.0,1,70,26,0.3714285714285714,0,baseline
954,grid_size13_complexity1.00_0002,13,1.0,2,70,33,0.4714285714285714,0,baseline
955,grid_size13_complexity1.00_0003,13,1.0,3,70,21,0.3,0,baseline
956,grid_size13_complexity1.00_0004,13,1.0,4,70,27,0.3857142857142857,0,baseline
957,grid_size13_complexity1.00_0005,13,1.0,5,70,32,0.4571428571428571,0,baseline
958,grid_size13_complexity1.00_0006,13,1.0,6,70,32,0.4571428571428571,0,baseline
959,grid_size13_complexity1.00_0007,13,1.0,7,70,32,0.4571428571428571,0,baseline
960,grid_size13_complexity1.00_0008,13,1.0,8,70,26,0.3714285714285714,0,baseline
961,grid_size13_complexity1.00_0009,13,1.0,9,70,16,0.2285714285714285,0,baseline
962,grid_size15_complexity0.00_0000,15,0.0,0,168,0,0.0,144,baseline
963,grid_size15_complexity0.00_0001,15,0.0,1,168,0,0.0,144,baseline
964,grid_size15_complexity0.00_0002,15,0.0,2,168,0,0.0,144,baseline
965,grid_size15_complexity0.00_0003,15,0.0,3,168,1,0.0059523809523809,144,baseline
966,grid_size15_complexity0.00_0004,15,0.0,4,168,0,0.0,144,baseline
967,grid_size15_complexity0.00_0005,15,0.0,5,168,0,0.0,144,baseline
968,grid_size15_complexity0.00_0006,15,0.0,6,168,0,0.0,144,baseline
969,grid_size15_complexity0.00_0007,15,0.0,7,168,0,0.0,144,baseline
970,grid_size15_complexity0.00_0008,15,0.0,8,168,1,0.0059523809523809,144,baseline
971,grid_size15_complexity0.00_0009,15,0.0,9,168,0,0.0,144,baseline
972,grid_size15_complexity0.20_0000,15,0.2,0,153,17,0.1111111111111111,104,baseline
973,grid_size15_complexity0.20_0001,15,0.2,1,153,19,0.1241830065359477,96,baseline
974,grid_size15_complexity0.20_0002,15,0.2,2,153,16,0.1045751633986928,99,baseline
975,grid_size15_complexity0.20_0003,15,0.2,3,153,19,0.1241830065359477,104,baseline
976,grid_size15_complexity0.20_0004,15,0.2,4,153,12,0.0784313725490196,99,baseline
977,grid_size15_complexity0.20_0005,15,0.2,5,153,16,0.1045751633986928,101,baseline
978,grid_size15_complexity0.20_0006,15,0.2,6,153,18,0.1176470588235294,100,baseline
979,grid_size15_complexity0.20_0007,15,0.2,7,153,18,0.1176470588235294,97,baseline
980,grid_size15_complexity0.20_0008,15,0.2,8,153,24,0.1568627450980392,98,baseline
981,grid_size15_complexity0.20_0009,15,0.2,9,153,25,0.1633986928104575,91,baseline
982,grid_size15_complexity0.40_0000,15,0.4,0,139,30,0.2158273381294964,67,baseline
983,grid_size15_complexity0.40_0001,15,0.4,1,139,41,0.2949640287769784,66,baseline
984,grid_size15_complexity0.40_0002,15,0.4,2,139,24,0.1726618705035971,64,baseline
985,grid_size15_complexity0.40_0003,15,0.4,3,139,25,0.1798561151079136,58,baseline
986,grid_size15_complexity0.40_0004,15,0.4,4,139,30,0.2158273381294964,69,baseline
987,grid_size15_complexity0.40_0005,15,0.4,5,139,15,0.1079136690647482,70,baseline
988,grid_size15_complexity0.40_0006,15,0.4,6,139,39,0.2805755395683453,74,baseline
989,grid_size15_complexity0.40_0007,15,0.4,7,139,36,0.2589928057553957,62,baseline
990,grid_size15_complexity0.40_0008,15,0.4,8,139,22,0.158273381294964,69,baseline
991,grid_size15_complexity0.40_0009,15,0.4,9,139,23,0.1654676258992805,64,baseline
992,grid_size15_complexity0.60_0000,15,0.6,0,124,29,0.2338709677419354,38,baseline
993,grid_size15_complexity0.60_0001,15,0.6,1,124,35,0.282258064516129,40,baseline
994,grid_size15_complexity0.60_0002,15,0.6,2,124,30,0.2419354838709677,39,baseline
995,grid_size15_complexity0.60_0003,15,0.6,3,124,33,0.2661290322580645,36,baseline
996,grid_size15_complexity0.60_0004,15,0.6,4,124,32,0.2580645161290322,43,baseline
997,grid_size15_complexity0.60_0005,15,0.6,5,124,25,0.2016129032258064,37,baseline
998,grid_size15_complexity0.60_0006,15,0.6,6,124,29,0.2338709677419354,37,baseline
999,grid_size15_complexity0.60_0007,15,0.6,7,124,31,0.25,38,baseline
1000,grid_size15_complexity0.60_0008,15,0.6,8,124,37,0.2983870967741935,35,baseline
1001,grid_size15_complexity0.60_0009,15,0.6,9,124,46,0.3709677419354839,37,baseline
1002,grid_size15_complexity0.80_0000,15,0.8,0,110,45,0.4090909090909091,15,baseline
1003,grid_size15_complexity0.80_0001,15,0.8,1,110,42,0.3818181818181818,16,baseline
1004,grid_size15_complexity0.80_0002,15,0.8,2,110,37,0.3363636363636363,16,baseline
1005,grid_size15_complexity0.80_0003,15,0.8,3,110,45,0.4090909090909091,22,baseline
1006,grid_size15_complexity0.80_0004,15,0.8,4,110,51,0.4636363636363636,15,baseline
1007,grid_size15_complexity0.80_0005,15,0.8,5,110,46,0.4181818181818181,15,baseline
1008,grid_size15_complexity0.80_0006,15,0.8,6,110,44,0.4,19,baseline
1009,grid_size15_complexity0.80_0007,15,0.8,7,110,34,0.3090909090909091,14,baseline
1010,grid_size15_complexity0.80_0008,15,0.8,8,110,37,0.3363636363636363,19,baseline
1011,grid_size15_complexity0.80_0009,15,0.8,9,110,27,0.2454545454545454,15,baseline
1012,grid_size15_complexity1.00_0000,15,1.0,0,96,44,0.4583333333333333,0,baseline
1013,grid_size15_complexity1.00_0001,15,1.0,1,96,44,0.4583333333333333,0,baseline
1014,grid_size15_complexity1.00_0002,15,1.0,2,96,47,0.4895833333333333,0,baseline
1015,grid_size15_complexity1.00_0003,15,1.0,3,96,58,0.6041666666666666,0,baseline
1016,grid_size15_complexity1.00_0004,15,1.0,4,96,29,0.3020833333333333,0,baseline
1017,grid_size15_complexity1.00_0005,15,1.0,5,96,34,0.3541666666666667,0,baseline
1018,grid_size15_complexity1.00_0007,15,1.0,7,96,38,0.3958333333333333,0,baseline
1019,grid_size7_complexity0.00_0000,7,0.0,0,24,0,0.0,16,baseline
1020,grid_size7_complexity0.00_0001,7,0.0,1,24,0,0.0,16,baseline
1021,grid_size7_complexity0.00_0002,7,0.0,2,24,0,0.0,16,baseline
1022,grid_size7_complexity0.00_0003,7,0.0,3,24,0,0.0,16,baseline
1023,grid_size7_complexity0.00_0004,7,0.0,4,24,0,0.0,16,baseline
1024,grid_size7_complexity0.00_0005,7,0.0,5,24,0,0.0,16,baseline
1025,grid_size7_complexity0.00_0006,7,0.0,6,24,0,0.0,16,baseline
1026,grid_size7_complexity0.00_0007,7,0.0,7,24,0,0.0,16,baseline
1027,grid_size7_complexity0.00_0008,7,0.0,8,24,0,0.0,16,baseline
1028,grid_size7_complexity0.00_0009,7,0.0,9,24,0,0.0,16,baseline
1029,grid_size7_complexity0.20_0000,7,0.2,0,22,1,0.0454545454545454,11,baseline
1030,grid_size7_complexity0.20_0001,7,0.2,1,22,0,0.0,10,baseline
1031,grid_size7_complexity0.20_0002,7,0.2,2,22,0,0.0,10,baseline
1032,grid_size7_complexity0.20_0003,7,0.2,3,22,0,0.0,10,baseline
1033,grid_size7_complexity0.40_0000,7,0.4,0,20,1,0.05,6,baseline
1034,grid_size7_complexity0.40_0001,7,0.4,1,20,0,0.0,8,baseline
1035,grid_size7_complexity0.40_0002,7,0.4,2,20,1,0.05,7,baseline
1036,grid_size7_complexity0.40_0003,7,0.4,3,20,0,0.0,7,baseline
1037,grid_size7_complexity0.40_0004,7,0.4,4,20,1,0.05,7,baseline
1038,grid_size7_complexity0.40_0005,7,0.4,5,20,2,0.1,5,baseline
1039,grid_size7_complexity0.40_0006,7,0.4,6,20,3,0.15,5,baseline
1040,grid_size7_complexity0.40_0007,7,0.4,7,20,1,0.05,6,baseline
1041,grid_size7_complexity0.40_0008,7,0.4,8,20,2,0.1,6,baseline
1042,grid_size7_complexity0.40_0009,7,0.4,9,20,0,0.0,6,baseline
1043,grid_size7_complexity0.60_0000,7,0.6,0,19,1,0.0526315789473684,4,baseline
1044,grid_size7_complexity0.60_0001,7,0.6,1,19,0,0.0,4,baseline
1045,grid_size7_complexity0.60_0002,7,0.6,2,19,0,0.0,5,baseline
1046,grid_size7_complexity0.60_0003,7,0.6,3,19,0,0.0,5,baseline
1047,grid_size7_complexity0.60_0004,7,0.6,4,19,4,0.2105263157894736,5,baseline
1048,grid_size7_complexity0.60_0005,7,0.6,5,19,1,0.0526315789473684,5,baseline
1049,grid_size7_complexity0.60_0006,7,0.6,6,19,2,0.1052631578947368,3,baseline
1050,grid_size7_complexity0.60_0007,7,0.6,7,19,1,0.0526315789473684,3,baseline
1051,grid_size7_complexity0.60_0008,7,0.6,8,19,2,0.1052631578947368,4,baseline
1052,grid_size7_complexity0.60_0009,7,0.6,9,19,0,0.0,5,baseline
1053,grid_size7_complexity0.80_0000,7,0.8,0,17,0,0.0,2,baseline
1054,grid_size7_complexity0.80_0001,7,0.8,1,17,2,0.1176470588235294,1,baseline
1055,grid_size7_complexity0.80_0002,7,0.8,2,17,0,0.0,1,baseline
1056,grid_size7_complexity0.80_0003,7,0.8,3,17,0,0.0,1,baseline
1057,grid_size7_complexity0.80_0004,7,0.8,4,17,3,0.1764705882352941,1,baseline
1058,grid_size7_complexity0.80_0005,7,0.8,5,17,0,0.0,1,baseline
1059,grid_size7_complexity0.80_0006,7,0.8,6,17,4,0.2352941176470588,1,baseline
1060,grid_size7_complexity0.80_0007,7,0.8,7,17,1,0.0588235294117647,1,baseline
1061,grid_size7_complexity0.80_0008,7,0.8,8,17,2,0.1176470588235294,1,baseline
1062,grid_size7_complexity0.80_0009,7,0.8,9,17,1,0.0588235294117647,1,baseline
1063,grid_size7_complexity1.00_0000,7,1.0,0,16,3,0.1875,0,baseline
1064,grid_size7_complexity1.00_0001,7,1.0,1,16,2,0.125,0,baseline
1065,grid_size7_complexity1.00_0002,7,1.0,2,16,1,0.0625,0,baseline
1066,grid_size7_complexity1.00_0003,7,1.0,3,16,0,0.0,0,baseline
1067,grid_size7_complexity1.00_0004,7,1.0,4,16,1,0.0625,0,baseline
1068,grid_size7_complexity1.00_0005,7,1.0,5,16,1,0.0625,0,baseline
1069,grid_size7_complexity1.00_0006,7,1.0,6,16,0,0.0,0,baseline
1070,grid_size7_complexity1.00_0007,7,1.0,7,16,0,0.0,0,baseline
1071,grid_size7_complexity1.00_0008,7,1.0,8,16,1,0.0625,0,baseline
1072,grid_size7_complexity1.00_0009,7,1.0,9,16,0,0.0,0,baseline
1073,grid_size9_complexity0.00_0000,9,0.0,0,48,0,0.0,36,baseline
1074,grid_size9_complexity0.00_0001,9,0.0,1,48,0,0.0,36,baseline
1075,grid_size9_complexity0.00_0002,9,0.0,2,48,0,0.0,36,baseline
1076,grid_size9_complexity0.00_0003,9,0.0,3,48,0,0.0,36,baseline
1077,grid_size9_complexity0.00_0004,9,0.0,4,48,0,0.0,36,baseline
1078,grid_size9_complexity0.00_0005,9,0.0,5,48,0,0.0,36,baseline
1079,grid_size9_complexity0.00_0006,9,0.0,6,48,0,0.0,36,baseline
1080,grid_size9_complexity0.00_0007,9,0.0,7,48,0,0.0,36,baseline
1081,grid_size9_complexity0.00_0008,9,0.0,8,48,0,0.0,36,baseline
1082,grid_size9_complexity0.00_0009,9,0.0,9,48,0,0.0,36,baseline
1083,grid_size9_complexity0.20_0000,9,0.2,0,44,0,0.0,26,baseline
1084,grid_size9_complexity0.20_0001,9,0.2,1,44,3,0.0681818181818181,25,baseline
1085,grid_size9_complexity0.20_0002,9,0.2,2,44,1,0.0227272727272727,24,baseline
1086,grid_size9_complexity0.20_0003,9,0.2,3,44,0,0.0,22,baseline
1087,grid_size9_complexity0.20_0004,9,0.2,4,44,5,0.1136363636363636,23,baseline
1088,grid_size9_complexity0.20_0005,9,0.2,5,44,1,0.0227272727272727,25,baseline
1089,grid_size9_complexity0.20_0006,9,0.2,6,44,1,0.0227272727272727,25,baseline
1090,grid_size9_complexity0.20_0007,9,0.2,7,44,6,0.1363636363636363,24,baseline
1091,grid_size9_complexity0.20_0008,9,0.2,8,44,1,0.0227272727272727,25,baseline
1092,grid_size9_complexity0.20_0009,9,0.2,9,44,1,0.0227272727272727,26,baseline
1093,grid_size9_complexity0.40_0000,9,0.4,0,40,3,0.075,13,baseline
1094,grid_size9_complexity0.40_0001,9,0.4,1,40,1,0.025,16,baseline
1095,grid_size9_complexity0.40_0002,9,0.4,2,40,1,0.025,15,baseline
1096,grid_size9_complexity0.40_0003,9,0.4,3,40,4,0.1,16,baseline
1097,grid_size9_complexity0.40_0004,9,0.4,4,40,2,0.05,13,baseline
1098,grid_size9_complexity0.40_0005,9,0.4,5,40,0,0.0,17,baseline
1099,grid_size9_complexity0.40_0006,9,0.4,6,40,5,0.125,14,baseline
1100,grid_size9_complexity0.40_0007,9,0.4,7,40,3,0.075,16,baseline
1101,grid_size9_complexity0.40_0008,9,0.4,8,40,3,0.075,15,baseline
1102,grid_size9_complexity0.40_0009,9,0.4,9,40,2,0.05,13,baseline
1103,grid_size9_complexity0.60_0000,9,0.6,0,37,8,0.2162162162162162,9,baseline
1104,grid_size9_complexity0.60_0001,9,0.6,1,37,4,0.1081081081081081,9,baseline
1105,grid_size9_complexity0.60_0002,9,0.6,2,37,5,0.1351351351351351,10,baseline
1106,grid_size9_complexity0.60_0003,9,0.6,3,37,2,0.054054054054054,11,baseline
1107,grid_size9_complexity0.60_0004,9,0.6,4,37,5,0.1351351351351351,7,baseline
1108,grid_size9_complexity0.60_0005,9,0.6,5,37,2,0.054054054054054,9,baseline
1109,grid_size9_complexity0.60_0006,9,0.6,6,37,2,0.054054054054054,10,baseline
1110,grid_size9_complexity0.60_0007,9,0.6,7,37,3,0.081081081081081,11,baseline
1111,grid_size9_complexity0.60_0008,9,0.6,8,37,4,0.1081081081081081,10,baseline
1112,grid_size9_complexity0.60_0009,9,0.6,9,37,9,0.2432432432432432,12,baseline
1113,grid_size9_complexity0.80_0000,9,0.8,0,33,2,0.0606060606060606,5,baseline
1114,grid_size9_complexity0.80_0001,9,0.8,1,33,1,0.0303030303030303,4,baseline
1115,grid_size9_complexity0.80_0002,9,0.8,2,33,2,0.0606060606060606,2,baseline
1116,grid_size9_complexity0.80_0003,9,0.8,3,33,1,0.0303030303030303,3,baseline
1117,grid_size9_complexity0.80_0004,9,0.8,4,33,2,0.0606060606060606,4,baseline
1118,grid_size9_complexity0.80_0005,9,0.8,5,33,3,0.0909090909090909,3,baseline
1119,grid_size9_complexity0.80_0006,9,0.8,6,33,6,0.1818181818181818,4,baseline
1120,grid_size9_complexity0.80_0007,9,0.8,7,33,3,0.0909090909090909,3,baseline
1121,grid_size9_complexity0.80_0008,9,0.8,8,33,5,0.1515151515151515,5,baseline
1122,grid_size9_complexity0.80_0009,9,0.8,9,33,6,0.1818181818181818,3,baseline
1123,grid_size9_complexity1.00_0000,9,1.0,0,30,6,0.2,0,baseline
1124,grid_size9_complexity1.00_0001,9,1.0,1,30,4,0.1333333333333333,0,baseline
1125,grid_size9_complexity1.00_0002,9,1.0,2,30,7,0.2333333333333333,0,baseline
1126,grid_size9_complexity1.00_0003,9,1.0,3,30,1,0.0333333333333333,0,baseline
1127,grid_size9_complexity1.00_0004,9,1.0,4,30,4,0.1333333333333333,0,baseline
1128,grid_size9_complexity1.00_0005,9,1.0,5,30,2,0.0666666666666666,0,baseline
1129,grid_size9_complexity1.00_0006,9,1.0,6,30,3,0.1,0,baseline
1130,grid_size9_complexity1.00_0007,9,1.0,7,30,4,0.1333333333333333,0,baseline
1131,grid_size9_complexity1.00_0008,9,1.0,8,30,5,0.1666666666666666,0,baseline
1132,grid_size9_complexity1.00_0009,9,1.0,9,30,2,0.0666666666666666,0,baseline
